"","상호명","신주소","Latitude","Longitude","dis_diff"
"1","통인시장","03036 서울 종로구 자하문로15길 18",37.5807277,126.9699348,0
"2","타르틴","04350 서울 용산구 이태원로23길 4 (이태원동)",37.5407023,126.9960375,0.0477847631829391
"3","해랑","06120 서울 강남구 강남대로118길 12 (부경빌딩)",37.5062573,127.024766,0.0924786514261472
"4","인도로 가는 길","03149 서울 종로구 인사동5길 20 (관훈동, 오원빌딩)",37.5725897,126.9851631,0.0172663882989354
"5","올데이 브런치 카페 B Meal(비밀)","04348 서울 용산구 이태원로55가길 35",37.5367147,126.9996925,0.0531287575451318
"6","장이오","06619 서울 서초구 강남대로55길 24 (풍림아이원매직)",37.4956554,127.0255502,0.101638422579501
"7","진진바라 (서울역점)","04323 서울 용산구 후암로 107 (게이트웨이타워)",37.5534252,126.9734426,0.0275269171374098
"8","울프강 스테이크 하우스","06016 서울 강남구 선릉로152길 21 (청담동, 영인빌딩)",37.5244653,127.0414525,0.0909958189536724
"9","난향","03787 서울 서대문구 신촌로 67 (거촌빌딩)",37.5564829,126.9340274,0.0433261087775011
"10","논현삼계탕(명동점)","04537 서울 중구 명동10길 41",37.5620375,126.9858586,0.0245538384469653
"11","일 폰테","04637 서울 중구 소월로 50 (힐튼호텔)",37.5552329,126.9758739,0.0261774279838519
"12","하루연가","03124 서울 종로구 율곡로 286 (성사빌딩)",37.5718229,127.0080338,0.0391258132700156
"13","죽미인","04100 서울 마포구 백범로2길 12 1층",37.5541169,126.9361458,0.0430096640028718
"14","파스텔 드 나따(안국점)","03061 서울 종로구 윤보선길 31",37.5773023,126.9836998,0.0141848013789327
"15","산호","06028 서울 강남구 논현로175길 111 (신사동 만수빌딩)",37.5222931,127.0203885,0.0772021911661121
"16","뀌쏭82","06302 서울 강남구 양재천로 167",37.4815826,127.0446791,0.124163042957627
"17","키사라","06232 서울 강남구 강남대로 382 (메리츠타워)",37.4970794,127.028718,0.10223748185049
"18","칠량","06072 서울 강남구 영동대로 731 (신영빌딩)",37.5230137,127.0547411,0.102581744553742
"19","캐슬프라하","04043 서울 마포구 독막로7길 59 (캐슬 프라하)",37.5504352,126.9199582,0.0584405347666366
"20","수연산방","02837 서울 성북구 성북로26길 8 (성북동, 상허 이태준 가옥)",37.5950128,126.9948259,0.028698971082943
"21","피노","06577 서울 서초구 서래로6길 15 B1F",37.4978383,126.9991653,0.0878924044648323
"22","르알래스카","06019 서울 강남구 도산대로49길 16-7 (신사동)",37.5240631,127.0376394,0.088288106528114
"23","카페aA","04049 서울 마포구 와우산로17길 19-18 (아지오빌딩)",37.5495124,126.9213148,0.0577780179141682
"24","쓰리앨리펍","04404 서울 용산구 이태원로 220",37.5347725,126.9984693,0.0540934200923647
"25","가무","04536 서울 중구 명동4길 16",37.5629552,126.9836027,0.0224203757029186
"26","원스인어블루문","06014 서울 강남구 선릉로 824 (원스인어블루문)",37.5253833,127.0402053,0.0894480060236585
"27","오설록 티하우스 명동점","04534 서울 중구 명동7길 12",37.5642642,126.9845188,0.0219940875748459
"28","서울서둘째로잘하는집","03053 서울 종로구 삼청로 122-1 (삼청동)",37.5862055,126.9818215,0.0130881599061823
"29","블리스","04350 서울 용산구 이태원로 173-7",37.5348359,126.9932094,0.051456431205435
"30","살롱드떼","04533 서울 중구 을지로 30 (소공동, 롯데호텔) New Wing 14F",37.5649903,126.981369,0.0194526781806488
"31","울프하운드","04391 서울 용산구 보광로59길 10",37.534003,126.9934842,0.052323721488915
"32","퀸스파크","06014 서울 강남구 압구정로60길 22",37.5259677,127.0416041,0.0901950451105208
"33","JJ마호니스","04347 서울 용산구 소월로 322 (하얏트호텔)",37.5393346,126.9972683,0.0496035175149898
"34","고센","06014 서울 강남구 선릉로158길 18",37.525167,127.0414163,0.0905350552368413
"35","더블린테라스","06130 서울 강남구 강남대로94길 27-15 (태리빌딩)",37.5006569,127.0290901,0.0995524109739646
"36","느린마을 양조장&펍 센터원점","04539 서울 중구 을지로5길 26 (미래에셋 CENTER 1)",37.5673583,126.9851356,0.020243645348601
"37","기욤","06014 서울 강남구 선릉로152길 17 (인성빌딩)",37.5243329,127.0410163,0.0907356220526905
"38","세시셀라","06021 서울 강남구 도산대로45길 10-4",37.5231247,127.0361536,0.0877669361573037
"39","개미집","06028 서울 강남구 압구정로 110 (화인빌딩)",37.5229557,127.0208697,0.0770192704588283
"40","커피방앗간","03053 서울 종로구 북촌로5가길 8-11",37.5802805,126.9824672,0.0125403762941923
"41","마이분주스바","06062 서울 강남구 도산대로 442 (피엔폴루스)",37.5232913,127.0440476,0.0937637838869531
"42","에반스","04049 서울 마포구 와우산로 63 (서교동)",37.5502329,126.922865,0.056084747472733
"43","올댓재즈","04350 서울 용산구 이태원로27가길 12",37.5350898,126.9945672,0.0518610937617948
"44","디저트리","06019 서울 강남구 도산대로51길 17",37.5241748,127.0377523,0.0883031358710356
"45","로마네꽁띠","03053 서울 종로구 북촌로5나길 83-6",37.5843640999999,126.9823799,0.0129654895383535
"46","더방갈로","04350 서울 용산구 이태원로27가길 10",37.5350867999999,126.9947335,0.0519429232379945
"47","카페프레스카","06301 서울 강남구 논현로28길 29 (토펙빌딩)",37.4838583,127.0444206,0.12219580622099
"48","커피바K","06139 서울 강남구 언주로 517 (역삼동, KT영동지사, 신라 스테이호텔)",37.5047692,127.0413084,0.104229959700702
"49","타블도우트","06301 서울 강남구 논현로28길 35 (대동빌딩) 101호",37.4840882,127.0446563,0.122157666654608
"50","호밀밭","03777 서울 서대문구 신촌역로 43",37.5589121,126.9406332,0.0365308659344462
"51","그릴아지사이","06133 서울 강남구 테헤란로13길 8-10 (동영빌딩)",37.5003178,127.033235,0.102336051018446
"52","장추 민물장어","04554 서울 중구 수표로 16 (충무로3가, 스타즈호텔 명동2)",37.562592,126.99066,0.0275397445436565
"53","버드나무집","06729 서울 서초구 효령로 434 (버드나무집)",37.4890668,127.0311919,0.110245874703854
"54","타코아미고","04391 서울 용산구 보광로 123",37.53367,126.9939549,0.0528336288106327
"55","평양면옥(논현점)","06049 서울 강남구 논현로150길 6",37.5189036,127.0291479,0.0856061361843806
"56","야무나","03105 서울 종로구 종로 321-2",37.5725624,127.013374,0.0441999572480499
"57","찰떡등심","07656 서울 강서구 까치산로 172",37.5524945,126.8534031,0.119903088730575
"58","나무그늘park","06532 서울 서초구 신반포로45길 9-26 (은정빌딩) 105호",37.510803,127.0179044,0.0847970883595031
"59","대방골","07238 서울 영등포구 국회대로 800 (진미파라곤)",37.5308822,126.9211013,0.0697802593324194
"60","단미그린비","06364 서울 강남구 밤고개로14길 13-50",37.4792718,127.1026585,0.167059510913026
"61","송죽헌","03131 서울 종로구 율곡로6길 17",37.5763986,126.9893647,0.0199063336860324
"62","오미가(신사점)","06032 서울 강남구 논현로 833 (재경빌딩)",37.5227782,127.0278476,0.0819270221238974
"63","이닝","06062 서울 강남구 도산대로58길 14",37.5223699,127.0412813,0.0921735096602495
"64","영월","03708 서울 서대문구 연희로 81-21 (정암빌딩)",37.5657984,126.9289232,0.0436444192658159
"65","해주냉면","05558 서울 송파구 올림픽로12길 5-22 (해주냉면)",37.5096844,127.0795834,0.130652079803002
"66","오세계향","03146 서울 종로구 인사동12길 14-5 (관훈동)",37.5746333,126.9852542,0.0164871382513705
"67","애플하우스","06548 서울 서초구 신반포로 50 (구반포상가)",37.5017467,126.9901286,0.0815217021377735
"68","에릭케제르","07345 서울 영등포구 63로 50 (63한화생명빌딩)",37.5194647,126.9398326,0.0682590478533044
"69","향복집","07333 서울 영등포구 여의대방로67길 18 (스타빌딩) 스타빌딩 지하1층",37.5203154,126.930352,0.0722249544626364
"70","최대감네","03148 서울 종로구 인사동8길 12-3 (경운동)",37.5740197,126.9860946,0.0174967539858069
"71","쿠다이닝","06013 서울 강남구 압구정로79길 54 (청담동) 2층",37.525324,127.0515997,0.098684982979675
"72","슬런치팩토리","04074 서울 마포구 와우산로3길 38 (상수동)",37.545837,126.921513,0.0596827584963184
"73","한옥 카페 연(緣)","03053 서울 종로구 삼청로 84-3 (삼청동)",37.5829585,126.9820684,0.0123369654939925
"74","코리아하우스","06013 서울 강남구 압구정로79길 56 (아름다운빌딩)",37.5252911,127.0517699,0.0988443231125022
"75","이샘컵케이크","06577 서울 서초구 서래로10길 23",37.4993779,126.9997735,0.0866495122763518
"76","맛있는 자연세계 어울림","08298 서울특별시 구로구 공원로 41, 현대파크빌아파트 지하 1층 (구로동)",37.5010283,126.889064,0.11354329858252
"77","스시유","06182 서울 강남구 영동대로 407 (코니빌딩)",37.5055654,127.0643274,0.120662066433688
"78","루나","06040 서울 강남구 논현로149길 13 (예진빌딩)",37.5182867,127.0274353,0.0848833669292678
"79","안동","04207 서울 마포구 마포대로14가길 18-7 (공덕동)",37.5501101,126.956751,0.0333354167845574
"80","벽제갈비","05639 서울 송파구 양재대로71길 1-4 (벽제갈비)",37.5099679,127.1261994,0.171538842566923
"81","고메홈","06196 서울 강남구 삼성로75길 26-8 (대치동)",37.5035706,127.0558505,0.11547608231534
"82","광양불고기","07928 서울특별시 양천구 남부순환로 531 (신월동)",37.5212904,126.8379516,0.144749292618416
"83","보나세라","06021 서울 강남구 도산대로45길 18-2",37.5236323,127.0356392,0.0870456942101074
"84","사리원","06296 서울특별시 강남구 남부순환로 2712 (도곡동)",37.4898434,127.0438136,0.117124007256959
"85","그릴H","06016 서울특별시 강남구 도산대로 439 (청담동)",37.5240424,127.0437499,0.0930692872224685
"86","부민옥","04522 서울 중구 다동길 24-5",37.5673408,126.9807076,0.017183198522102
"87","미담","07988 서울 양천구 목동서로 133-4 (스카이포레)",37.5317856,126.8760294,0.10589406641343
"88","사월에 보리밥","06280 서울특별시 강남구 남부순환로 2913(신사동)",37.4927153,127.0585168,0.124871747316036
"89","쌍다리돼지불백","02879 서울 성북구 성북로23길 4",37.5934747,126.9956687,0.0287179319974417
"90","팔선","04605 서울 중구 동호로 249 (신라호텔) 2층",37.5564719,127.0061615,0.0435972203991259
"91","삼원가든","06023 서울특별시 강남구 언주로 835 (신사동)",37.5249079,127.0324538,0.0838121437086461
"92","대장장이화덕피자집","03056 서울 종로구 북촌로 42-4 (가회동)",37.5805286,126.9853384,0.0154048866847494
"93","강강술래(상계점)","01630 서울 노원구 동일로 1628 (상계동, 상계동강강술래)",37.673801,127.056014,0.12677644830776
"94","놀부유황오리진흙구이(잠실점)","05573 서울 송파구 도곡로 450 (잠실동)",37.5052542,127.0782554,0.132021216426031
"95","목포자매집","06107 서울 강남구 언주로115길 14",37.510121,127.0354103,0.0962930277078183
"96","상락원","06146 서울특별시 강남구 봉은사로44길 77 (역삼동)",37.5054717,127.0438409,0.105477851481767
"97","삼일정육식당","06776 서울 서초구 언남11길 7-33 (양재빌딩)",37.4751794,127.0425311,0.128104123300459
"98","태림산채정식","01442 서울특별시 도봉구 노해로60길 32 (쌍문동)",37.6499426,127.0342314,0.0944709222648415
"99","로얄컵케익","06018 서울 강남구 선릉로157길 27-3 (錦奉빌딩) 103호",37.5260072,127.0374877,0.086935190910579
"100","예당","06026 서울특별시 강남구 언주로153길 5 (신사동)",37.5226519,127.0326595,0.0854820831269829
"101","하쯔호","07345 서울특별시 영등포구 여의동로 213 (여의도동) 지하1층",37.5184844,126.939558,0.069260222156226
"102","참누렁소","01830 서울 노원구 공릉로63길 13 (유토피아빌딩)",37.634848,127.070507,0.11420934412267
"103","홍대돈부리","04042 서울 마포구 잔다리로6길 40-8",37.5519655,126.9212715,0.0565277004284613
"104","한국관","06274 서울특별시 강남구 남부순환로377길 7 (도곡동)",37.4868567,127.0448268,0.120085703999263
"105","도봉산갈비","01302 서울 도봉구 도봉로 915",37.685992,127.0456778,0.129682592908573
"106","부산복집","05661 서울 송파구 중대로27길 9-1 (오금동, 동호빌딩)",37.5092109,127.1303322,0.175618844686433
"107","한우리(본점)","06054 서울특별시 강남구 도산대로 304 (논현동)",37.5211001,127.0347283,0.0880548029582089
"108","마망갸또","06028 서울특별시 강남구 압구정로10길 30-12 (신사동)",37.5222286,127.0215263,0.0779988946912707
"109","채운","06028 서울특별시 강남구 논현로175길 107 (신사동)",37.5223883,127.0207866,0.0773911568307275
"110","궁나라냉면묵밥","03109 서울특별시 종로구 지봉로12길 6 (숭인동)",37.5768811,127.0158665,0.0460924874187724
"111","착한전복","01405 서울 도봉구 노해로65길 7-20",37.6518111,127.0450547,0.10342073840178
"112","한우리한정식(강남)","06054 서울특별시 강남구 도산대로 308 (논현동)",37.5214732,127.0351771,0.088134292301797
"113","스바루","06574 서울 서초구 방배로42길 7",37.4954678,126.989244,0.0874190811702416
"114","고오베겐뻬이","03084 서울 종로구 대학로14길 12",37.5837334,127.0024332,0.0326370990599601
"115","미엘","06016 서울특별시 강남구 도산대로67길 13-12 (청담동)",37.5252864,127.0435926,0.0921911560103716
"116","해초록","06177 서울특별시 강남구 영동대로 336 (대치동)",37.5047481,127.0659063,0.122406815285782
"117","컨퍼런스하우스달개비","04519 서울특별시 중구 세종대로19길 16 (정동)",37.566855,126.9708266,0.0139013349189922
"118","뱅가","06020 서울특별시 강남구 언주로168길 6 (신사동)",37.5263168,127.0339076,0.0839825290084212
"119","램랜드","04159 서울 마포구 토정로 255",37.5433965,126.9388578,0.0485736391722962
"120","채선당(신내점)","02068 서울 중랑구 용마산로 623 (신내동, 삼부그린스포츠센터)",37.606628,127.1004478,0.133058140333797
"121","북악정(이상갈비)","03004 서울 종로구 평창36길 6 (북악정)",37.6112946999999,126.9777521,0.0315507792024889
"122","장원북어국","07333 서울특별시 영등포구 국제금융로8길 11 (여의도동)",37.5210579,126.9297678,0.0719296386828145
"123","하늘아래뜰","06136 서울 강남구 언주로107길 39",37.5069096,127.0359459,0.0990281637253725
"124","강강술래(신림본동점)","08780 서울특별시 관악구 남부순환로 1660 (신림동)",37.4845321,126.9350234,0.102334741458211
"125","베라짜노","06014 서울 강남구 도산대로57길 13-2(청담동)",37.5246743999999,127.0411251,0.0906092227921103
"126","석파랑","03021 서울특별시 종로구 자하문로 309 (홍지동)",37.5993548,126.958729,0.0217379577709154
"127","청키면가","06014 서울 강남구 선릉로152길 15 (청담동)",37.524223,127.0412991,0.0910255153052133
"128","주빈","07331 서울특별시 영등포구 의사당대로 127 (여의도동)",37.5201371,126.9263986,0.0746097950593633
"129","본누벨","06017 서울특별시 강남구 압구정로46길 17 (신사동)",37.5273481,127.0366243,0.0854217250259519
"130","노랑저고리(강남점)","06616 서울특별시 서초구 서초대로73길 9, 타임빌딩 5층 (서초동)",37.4982696,127.0252148,0.0992734438589144
"131","미성옥","04534 서울 중구 명동길 25-11",37.5641238,126.9839117,0.0217035303307936
"132","한국회관","04522 서울 중구 을지로3길 30-5",37.5676318999999,126.9817518,0.0176392025512017
"133","55°와인앤다인","06014 서울특별시 강남구 선릉로162길 12 (청담동)",37.5230584,127.0457366,0.0952452678390328
"134","카페t","06016 서울특별시 강남구 도산대로59길 9 (청담동)",37.5244664,127.0419152,0.0913592461760147
"135","블루밍가든","06241 서울 강남구 강남대로 358 (역삼동, 삼성생명 역삼동 빌딩)",37.4999072,127.0373932,0.105273875918046
"136","예촌(신가)","06734 서울 서초구 서운로 12-1 (서초동, 예촌)",37.4851648,127.0299329,0.11283634104321
"137","고궁(명동점)","04537 서울특별시 중구 명동8가길 27 (충무로2가)",37.5618939,126.9864389,0.0250419116532579
"138","삼호짱뚱이","06049 서울 강남구 도산대로34길 11",37.5195900999999,127.0309988,0.086409595704249
"139","개화옥","06018 서울 강남구 압구정로50길 7 (정동상가)",37.5277028,127.038577,0.0867374869410544
"140","가화당","03053 서울 종로구 삼청로4길 16-1",37.5822088,126.9820685,0.0122237609965108
"141","진진만두","07331 서울 영등포구 국제금융로8길 34 (여의도동, 오륜빌딩) 3층",37.520196,126.9272258,0.074082017965833
"142","스쿨푸드 가로수길점","06036 서울 강남구 도산대로 139 (제이타워) 2층",37.5182127,127.0237111,0.0824622075055551
"143","비스트로 서울","03175 서울 종로구 새문안로3길 15 (동원빌딩) 별관 3층",37.5716658,126.9722875,0.00936233031354525
"144","곰국시집","04521 서울 중구 무교로 24 무교동파이낸스빌딩 뒤에 위치",37.5680617,126.9794662,0.0158516605426655
"145","스페인클럽","06028 서울 강남구 압구정로10길 26",37.5218537,127.0218468,0.0784920608724199
"146","낙원(메이필드호텔)","07506 서울 강서구 방화대로 94 (외발산동, 메이필드호텔, 낙원가든)",37.5476841,126.8183299,0.155164187894542
"147","곽경찬의 시골밥상","04348 서울 용산구 이태원로 235 (한남동)",37.5360929,126.9994746,0.0535244351215354
"148","노독일처","06525 서울 서초구 나루터로 59 (라성빌딩)",37.515263,127.0164659,0.0803166870164573
"149","청도","07332 서울 영등포구 국제금융로8길 27-9 (동북빌딩)",37.5196329,126.9289194,0.0735855802735864
"150","미락복집","07564 서울 강서구 공항대로 509 (등촌동, 우림보보카운티뷰오피스텔)",37.5519512,126.8635645,0.110194045548486
"151","남문토방","04529 서울 중구 남대문시장길 73-5 (회현동1가)",37.5610313,126.9800295,0.0221325809848214
"152","한일관","06023 서울특별시 강남구 압구정로38길 14 (신사동)",37.5277368,127.0324784,0.0819740043170362
"153","닐리스커피","06030 서울 강남구 논현로175길 15 (신사동)",37.5258335,127.0273962,0.079468142570462
"154","봉래헌(메이필드호텔)","07506 서울 강서구 방화대로 94 (메이필드호텔)",37.5470897,126.8191244,0.154516315617992
"155","쿄우","07332 서울특별시 영등포구 국제금융로8길 27-9 (여의도동)",37.5196329,126.9289194,0.0735855802735864
"156","남포면옥(중구)","04522 서울특별시 중구 을지로3길 24 (다동)",37.5671067,126.9816605,0.0179728595802116
"157","한방삼계탕","05641 서울 송파구 백제고분로 460 (은성빌딩)",37.5114244,127.1133045,0.159241383656942
"158","초록바구니","04426 서울 용산구 이촌로84길 9-18",37.5179524,126.9777158,0.0632556894760441
"159","아따블르","03054 서울 종로구 팔판길 29",37.5830692,126.9811125,0.0114203152119276
"160","호면당","06011 서울 강남구 도산대로 505 (청담동, 송담빌딩)",37.5245957,127.0482172,0.0963272317351564
"161","우래옥","04546 서울 중구 창경궁로 62-29 (우래옥)",37.5681851,126.9987092,0.0313892164623342
"162","미코","06012 서울 강남구 도산대로85길 14",37.5253929,127.049188,0.0966592458137303
"163","코코이찌방야","06128 서울 강남구 강남대로102길 14 (장연빌딩)",37.5018641,127.0269901,0.0973384541846126
"164","더키친살바토레쿠오모","06020 서울특별시 강남구 언주로164길 29 (신사동)",37.5256583,127.0360249,0.0860263920803893
"165","파낙스","07332 서울 영등포구 여의대방로65길 17 (여의도동, 서린빌딩)",37.5197067,126.9292034,0.0733662687272528
"166","가양칼국수버섯매운탕","07333 서울 영등포구 국제금융로 78 (홍우빌딩) 지하 1층",37.5208328999999,126.9312858,0.0712820613341942
"167","지화자","03031 서울 종로구 자하문로 125 (청운동)",37.5893662,126.9697192,0.00864119005751309
"168","한양곰치국","07237 서울 영등포구 국회대로70길 18 (여의도동, 한양빌딩) 지하 1층",37.5288535,126.9203339,0.0717717347320669
"169","구마산","07333 서울특별시 영등포구 국제금융로 70 (여의도동)",37.5214625,126.9306592,0.0710980779374567
"170","떼부짱","06017 서울특별시 강남구 압구정로46길 25(신사동)",37.5269539,127.0364483,0.0855316739500013
"171","이승남의꽃과빵","06004 서울 강남구 압구정로29길 68 (압구정동, 현대아파트) 현대상가 지하 1층",37.5320757,127.0284556,0.0761032268477449
"172","수정","07339 서울 영등포구 국제금융로7길 3",37.5225233,126.9311893,0.0699211409346962
"173","한양원","07333 서울 영등포구 여의대방로65길 6 (센터빌딩) 1층",37.51915,126.9305202,0.0731117215667179
"174","대여","07333 서울 영등포구 여의대방로67길 22 (여의도동, 태양빌딩)",37.5206229,126.9299477,0.0721911015946571
"175","진동횟집","06530 서울특별시 서초구 강남대로91길 18 (잠원동)",37.5122338,127.0196298,0.0846227354923603
"176","너비집","04534 서울 중구 명동9길 37-8 (을지로2가)",37.5654903,126.9837619,0.0205758852341742
"177","마리한정식","03721 서울 서대문구 성산로 529 (대신동)",37.5637992,126.9443435,0.0306836886299556
"178","아리아께","04605 서울 중구 동호로 249 (신라호텔) 2층",37.5564719,127.0061615,0.0435972203991259
"179","소도","07332 서울 영등포구 여의대방로65길 17 (여의도동, 서린빌딩)",37.5197067,126.9292034,0.0733662687272528
"180","화단","07241 서울특별시 영등포구 여의공원로 101 (여의도동) C.C.M.M빌딩 12층",37.5292904,126.9248398,0.0684058101062325
"181","마도","07332 서울 영등포구 의사당대로1길 11 (여의도동, 메종리브르오피스텔)",37.5191693,126.9285663,0.0741673068326592
"182","성민촌","07327 서울 영등포구 여의나루로 71 (여의도동, 동화빌딩) 지하 1층",37.5237336,126.9269202,0.0714043643481981
"183","희정식당","07336 서울 영등포구 여의나루로 117 지하",37.5261946,126.9310419,0.0669814650931184
"184","바삭","07333 서울 영등포구 여의대방로 383 (여의도동, 경도빌딩)",37.5193175,126.9314199,0.0724886900561076
"185","황생가칼국수","03053 서울 종로구 북촌로5길 78 (소격동)",37.5800396,126.9806545,0.0107417619457845
"186","딸기골분식","03721 서울 서대문구 연대동문길 29 (대신동)",37.5638792,126.9438228,0.0310758506922932
"187","고래불","06239 서울 강남구 논현로79길 62 (역삼동)",37.4962364999999,127.0339424,0.105998753460668
"188","맘마키키","06577 서울 서초구 서래로10길 9 (반포동, 서래)",37.4995278,126.9988566,0.086196834485082
"189","미우미우","05638 서울 송파구 양재대로71길 2-27 (방이동, 인택파크랜드)",37.5113498,127.1269288,0.171640347950035
"190","미성회관","04352 서울 용산구 한강대로84길 12 (남영동, 미성회관)",37.5434474,126.9731548,0.037419101647286
"191","도림","05554 서울 송파구 올림픽로 240 (잠실동, 롯데월드) 32층",37.5111158,127.098167,0.145908580071391
"192","알라딘의양고기","05559 서울 송파구 백제고분로7길 42-16 (정빌딩)",37.5100829,127.0836955,0.133911107199999
"193","알파르코","05402 서울 강동구 강동대로 187 (성내동, 파크비유캐슬)",37.5247892999999,127.1274079,0.167113380129113
"194","어양","05545 서울 송파구 위례성대로 14 (한미타워)",37.516571,127.113958,0.157666623903499
"195","레트로오븐","06097 서울 강남구 봉은사로55길 25",37.5121535,127.0439095,0.100869604667259
"196","라본느타르트","03721 서울특별시 서대문구 성산로 543 (대신동)",37.5648023,126.9452846,0.0293470735372462
"197","무샤","06576 서울 서초구 서래로 33 (반포동)",37.4980829,126.9981544,0.0873298848688094
"198","비원손칼국수","03058 서울 종로구 창덕궁1길 9-1",37.5790894,126.9887657,0.0189020322108469
"199","아지겐","04423 서울 용산구 이촌로75길 22 (이촌동)",37.520713,126.9745762,0.0601939100744381
"200","춘천집닭갈비막국수","03789 서울 서대문구 연세로5가길 1 (창천동)",37.5570105,126.9360854,0.0413314342383683
"201","해방촌 노아","04337 서울 용산구 신흥로 98 (용산동2가)",37.5453263,126.9847407,0.0383728262807135
"202","지노프란체스카티","03721 서울 서대문구 연대동문길 45 (대신동)",37.5643772,126.9443942,0.0303259146376459
"203","봉피양","06626 서울 서초구 강남대로53길 11 (서초동삼성쉐르빌2)",37.4939235,127.0278995,0.104378520701001
"204","니와","04423 서울 용산구 이촌로75길 22",37.520713,126.9745762,0.0601939100744381
"205","레더라","04520 서울 중구 세종대로 136 (파이낸스빌딩) 지하 1층",37.568369,126.97779,0.01464382575456
"206","핀","03721 서울 서대문구 연대동문길 29 (대신동)",37.5638792,126.9438228,0.0310758506922932
"207","부일갈비","06725 서울 서초구 서초중앙로2길 42",37.4838639,127.0196908,0.108895616470265
"208","미카사","04350 서울 용산구 이태원로27가길 51",37.5348068,126.992334,0.0510925945460756
"209","리차드카피캣 24H (Richard Copycat 24H)","04404 서울 용산구 이태원로 214-1 (한남동)",37.5345767,126.997904,0.0539647194900481
"210","봉산집","04382 서울 용산구 한강대로62나길 24",37.5343891,126.9749988,0.0466144821483599
"211","남서울민물장어","06121 서울 강남구 봉은사로 137 (상원빌딩)",37.5062433,127.0295121,0.095380189340604
"212","비니위니","06577 서울 서초구 서래로8길 1 (반포동)",37.4987062,126.9985599,0.0868730269546269
"213","린즈컵케이크","06004 서울 강남구 압구정로29길 68 (압구정동, 현대아파트) 지하 1층",37.5320757,127.0284556,0.0761032268477449
"214","노들강","06120 서울 강남구 강남대로114길 21",37.5061933,127.025959,0.0932420922598757
"215","비어드파파","06736 서울특별시 서초구 강남대로 224 (양재동)",37.4583497,127.0381148,0.140088854959983
"216","봉자네","04427 서울특별시 용산구 이촌로 182 (이촌동)",37.5209735,126.9673472,0.059810200563115
"217","오발탄","05654 서울 송파구 위례성대로 206",37.5089944,127.1333581,0.17847364318514
"218","미카야","04001 서울 마포구 동교로 145-1 (학산빌딩)",37.5554628999999,126.9181766,0.0575953243439579
"219","나물먹는곰","04042 서울 마포구 잔다리로 20-12",37.55143,126.9209522,0.0570758296308503
"220","라망두스","04053 서울 마포구 와우산로27길 26",37.554395,126.927039,0.0503334952783015
"221","마차횟집","04077 서울 마포구 토정로 155 (하중동)",37.5429708,126.9277011,0.0566504096481287
"222","비스위트온","04054 서울 마포구 와우산로27길 27 2층",37.5542494,126.9267854,0.0506257947221576
"223","서래양곱창","06577 서울특별시 서초구 사평대로 130 (반포동)",37.4998779,126.9985952,0.0857794187914496
"224","알리바바","04349 서울특별시 용산구 이태원로 203 (이태원동)",37.5375698,126.9923862,0.0486484295159617
"225","심양","06062 서울 강남구 도산대로 408 (신우빌딩)",37.5229812,127.0402214,0.0909662816751814
"226","신정","06239 서울 강남구 테헤란로8길 29 (신정)",37.49704,127.0323759,0.104415143061243
"227","담장옆에국화꽃","06577 서울 서초구 서래로10길 10",37.4992164,126.9987906,0.0864681977453525
"228","슌미","06124 서울 강남구 봉은사로 130 (역삼동, 노보텔 앰배서더 강남 서울) Lower Lobby층",37.505258,127.028829,0.0957298407589274
"229","하코야","06227 서울 강남구 논현로72길 16 (역삼동, 초원빌딩)",37.5001826,127.0386325,0.105862586022161
"230","대우식당","06131 서울 강남구 테헤란로25길 34",37.5027159,127.0352647,0.101753804711417
"231","본가 논현본점","06119 서울 강남구 강남대로 494 (논현동)",37.5135304,127.0315341,0.091158932024126
"232","웨스턴차이나","04419 서울 용산구 독서당로 73 (한남동, 성아맨숀)",37.5341931,127.0084985,0.0604369750636913
"233","호텔 리츠칼튼 서울 더가든","06124 서울 강남구 봉은사로 120 (역삼동, 호텔 리츠칼튼 서울)",37.5047005,127.0275166,0.0953718974912375
"234","시실리","06577 서울 서초구 서래로 26 (반포동)",37.4973018,126.9984905,0.088177711431512
"235","해남천일관","06130 서울 강남구 테헤란로13길 21 (역삼동)",37.50097,127.0318898,0.100993627196417
"236","이쯔모","04420 서울 용산구 독서당로 80 (한남동, 대정빌딩)",37.5339758,127.0094529,0.0612161774469732
"237","헤르젠","06615 서울 서초구 강남대로61길 13 (서초동)",37.4988517,127.0255375,0.0989714081100618
"238","더블린","06123 서울 강남구 강남대로 442 (역삼동)",37.5021078,127.0261636,0.0966579879029658
"239","스시겐","04037 서울 마포구 양화로7길 6-12 (서교동, 삼이빌딩)",37.5515865,126.9156037,0.0616528828575741
"240","소호정","06783 서울 서초구 논현로 27 (소호정)",37.473216,127.0486691,0.133258604350256
"241","바달비","08753 서울 관악구 봉천로12길 17 (바달비)",37.4879728,126.9294904,0.101189035796222
"242","만복림","04637 서울 중구 후암로 98 (남대문로5가, STX남산타워)",37.5539166,126.9748163,0.0272518646235402
"243","뚜르뒤뱅","06576 서울 서초구 사평대로22길 55 (반포동, 대선빌딩)",37.4970436,126.997786,0.0881970403939379
"244","송림원","02833 서울 성북구 동소문로 25-2",37.5898797,127.0087929,0.0399213105948428
"245","디마떼오","03086 서울특별시 종로구 동숭길 29 (동숭동)",37.5799759999999,127.0039223,0.033995811641139
"246","오감","03061 서울 종로구 윤보선길 27 (안국동)",37.577209,126.9837407,0.0142472497170434
"247","규랑","06577 서울 서초구 서래로6길 15 (반포동)",37.4978383,126.9991653,0.0878924044648323
"248","빠리하노이","03078 서울 종로구 대학로11길 22 (명륜4가)",37.582277,127.0004295,0.0305340311550813
"249","된장예술과술","03190 서울 종로구 삼일대로15길 20 (관철동)",37.5692996999999,126.9880422,0.0214120788052407
"250","라싸브어","06577 서울 서초구 서래로 24 (반포동, 다솜빌딩) 5층",37.4970448,126.9984601,0.088411088063092
"251","다락정","03049 서울 종로구 삼청로 131-1",37.5872135,126.9814761,0.0132388521907974
"252","연희동칼국수","03703 서울 서대문구 연희맛로 37",37.5681791,126.9307331,0.0411611545616787
"253","을밀대","04138 서울 마포구 숭문길 24",37.5474432,126.9455146,0.0412820070768181
"254","영일식당","03133 서울 종로구 삼일대로26길 11",37.5732276,126.9888121,0.0203126550529444
"255","알라또레","04054 서울 마포구 와우산로23길 8 (서교동) 더 모임 빌딩 5층",37.553464,126.924671,0.0528405235414072
"256","오장동흥남집","04559 서울 중구 마른내로 114 (흥남집)",37.564347,127.0005906,0.0347578107211807
"257","동북화과왕","03119 서울 종로구 종로46길 11",37.5709932,127.0108431,0.0420505588445606
"258","훌리오","06128 서울 강남구 강남대로102길 22 (역삼동, MIN빌딩)",37.5023388,127.0274036,0.0971981615908937
"259","원대구탕(삼각지역)","04382 서울 용산구 한강대로62가길 8",37.5346553,126.9742088,0.046270218475386
"260","현대칼국수","04526 서울 중구 세종대로 76 (청남빌딩)",37.5628327,126.976933,0.01921472946049
"261","레드브릭","06577 서울 서초구 서래로6길 17 (반포동, 오삼빌딩)",37.4978245,126.9993475,0.087966172427412
"262","로쏘비앙코","03185 서울 종로구 새문안로 82 (신문로1가, 에스타워) 지하 1층",37.5697566,126.9739421,0.011680046596652
"263","자인뭉티기","06735 서울 서초구 강남대로37길 24-7 (호원빌딩)",37.4851322,127.03211,0.114036200898174
"264","겐지","04637 서울특별시 중구 소월로 50 (남대문로5가)",37.5554538,126.9754336,0.0258651662018576
"265","로즈힐","06236 서울 강남구 테헤란로 152 (강남파이낸스센터) 지하 1층",37.4999935,127.0365067,0.104641430223641
"266","목란","03703 서울 서대문구 연희로15길 21",37.5683426,126.9304738,0.0413589315989923
"267","탑클라우드","03161 서울 종로구 종로 51 (종로2가, 종로타워) 33층",37.5706734,126.9836342,0.0169930135305605
"268","전원","04617 서울 중구 동호로 284",37.5595877,127.0031163,0.0393435069897138
"269","필경재","06352 서울 강남구 광평로 205",37.4847924,127.0951896,0.15777308613679
"270","비꼴로","04537 서울 중구 명동10길 7-3 (명동2가)",37.5634894,126.9854677,0.0232040938047521
"271","토방","03148 서울 종로구 인사동길 36 (관훈동) 지하 1층",37.5739057,126.9850852,0.0166154838677625
"272","라멘81번옥","04411 서울 용산구 대사관로34길 74",37.5300817,127.0064722,0.06244997129511
"273","진미식당","04207 서울 마포구 마포대로 186-6 (선화의원)",37.5505501,126.9557705,0.0333363905702133
"274","더 그린테이블","06019 서울 강남구 선릉로155길 13 (신사동) 2층",37.5252951,127.0385592,0.0882161063418593
"275","강남교자","06612 서울 서초구 강남대로69길 11 (서초동, 삼미빌딩) 2층",37.5013618,127.0242077,0.0961482904539646
"276","잔치집","03146 서울 종로구 인사동12길 12-3",37.574453,126.9852374,0.0165390878481835
"277","백리향","07345 서울 영등포구 63로 50 (63한화생명빌딩) 57층",37.5193776,126.9402103,0.0681716999220339
"278","미치루스시","07331 서울 영등포구 의사당대로 127 (롯데캐슬엠파이어) 203 호",37.5202062,126.9263648,0.0745734326838334
"279","장원집 (장원족발)","03157 서울 종로구 종로 19 (르메이에르종로타운) 1층",37.5708033,126.9798544,0.0140318273763505
"280","백원","07241 서울 영등포구 여의공원로 101 (여의도동, C.C.M.M빌딩) 12층",37.5292904,126.9248398,0.0684058101062325
"281","마키노차야","06233 서울 강남구 테헤란로8길 8 (홍은동주빌딩)",37.4982281,127.0310199,0.102652683560488
"282","황톳길","04142 서울 마포구 마포대로11길 15-7",37.5485061,126.953169,0.0363224938048042
"283","청진옥","03157 서울 종로구 종로 19 (르메이에르종로타운) 1층",37.5708033,126.9798544,0.0140318273763505
"284","장수갈비집본가","04535 서울 중구 명동2길 54-1 (충무로1가)",37.5606606,126.9801908,0.0225360608450081
"285","청일집","03157 서울 종로구 종로 19 (르메이에르종로타운) 1층",37.5708033,126.9798544,0.0140318273763505
"286","산하","07333 서울 영등포구 여의대방로 383 (여의도동, 경도빌딩)",37.5193175,126.9314199,0.0724886900561076
"287","타코칠리칠리","04345 서울 용산구 녹사평대로 218",37.5370925,126.9870429,0.046869155791947
"288","서궁","07333 서울 영등포구 국제금융로 78 (여의도동, 홍우빌딩)",37.5208328999999,126.9312858,0.0712820613341942
"289","피양콩할마니","06254 서울 강남구 도곡로7길 17 (두범 빌딩)",37.4917171,127.034307,0.1098483820782
"290","행화촌","04535 서울 중구 남대문로 52-5 (대한문화예술공사)",37.5620722,126.9818207,0.022120178549453
"291","파르미이탈리아노","03776 서울 서대문구 연세로 24",37.5577315,126.9370983,0.0400881646710082
"292","금홍","04424 서울 용산구 이촌로 303 115호",37.5185268,126.9806796,0.0631221251848353
"293","신흥정육식당","06199 서울 강남구 역삼로 406",37.5005716,127.0516483,0.114464389438192
"294","신미식당","06023 서울 강남구 압구정로 214 (현대종합상가빌딩)",37.527954,127.0307197,0.0804976240624515
"295","손가네곰국수","02880 서울 성북구 성북로15길 8",37.5930531,127.0003453,0.0328133203959942
"296","부산양곱창","06147 서울 강남구 언주로98길 8-1 (역삼동)",37.504704,127.0426202,0.105179704957039
"297","우랑 청담점","06071 서울 강남구 도산대로94길 20",37.5237671,127.0516161,0.0995808451563328
"298","신성각","04190 서울 마포구 임정로 55-1",37.5446853,126.9577115,0.0380586870589359
"299","오스테리아마티네","06055 서울 강남구 도산대로54길 17",37.5215839,127.0388014,0.0907777377664716
"300","오우가","04537 서울 중구 명동8가길 39",37.5618922,126.9871894,0.0255440263351303
"301","고향집","06061 서울 강남구 언주로134길 20 (논현동)",37.5166843,127.0371867,0.0928675138957092
"302","명품잔치국수","04004 서울 마포구 동교로 103",37.5546717,126.9134539,0.0622013440434456
"303","포탈라","03191 서울 종로구 청계천로 99 (관철동, 수표교빌딩)",37.5683742,126.9886558,0.022429552007338
"304","이태원숯불구이","04390 서울 용산구 녹사평대로32길 43 (이태원동)",37.532796,126.9907873,0.0522711643369412
"305","구스테이크528","06028 서울 강남구 압구정로 108 (신사동, 덕산빌딩)",37.5228498,127.0205872,0.0769123977923474
"306","마노디셰프","06169 서울특별시 강남구 테헤란로87길 21 (삼성동)",37.5090167,127.0582363,0.113752461174473
"307","앨리 (카페 엘리)","06575 서울 서초구 서래로5길 30 (반포동) 지하 1층",37.4979452,126.9964813,0.0869347972247005
"308","헤르지아","04630 서울 중구 소파로 97 (예장동)",37.5567542,126.9854786,0.0285716366470229
"309","굴비마을","06019 서울 강남구 도산대로49길 10-8 (신사동, 신사동 K 빌딩)",37.5237148,127.0380172,0.0888013736164529
"310","뉴만두집","06018 서울 강남구 압구정로 338 (신사동)",37.5278854,127.0388643,0.0868538118883614
"311","야마모토스시","06294 서울 강남구 언주로30길 26 (타워팰리스) 상가 1층",37.4873933999999,127.0527274,0.124763400768279
"312","그랑씨엘","06021 서울 강남구 도산대로45길 16-6 (신사동) 1층",37.5233509,127.0358238,0.0873696600613727
"313","돈화문칼국수","03134 서울 종로구 돈화문로 60",37.5738251,126.9913568,0.0225066205983929
"314","머그포래빗","06033 서울 강남구 논현로159길 65",37.5213807,127.0231483,0.079710369408561
"315","미타야","06130 서울 강남구 강남대로94길 27",37.4998077,127.02948,0.100467294394943
"316","금성스테이크","06018 서울 강남구 압구정로46길 5-14 (신사동)",37.5278458,127.0378703,0.0860913904398006
"317","모던반상","06028 서울 강남구 강남대로162길 41-20 (신사동) 3층",37.5218832,127.0211564,0.0780149183605866
"318","로씨니","03059 서울 종로구 북촌로 18",37.5783486,126.9858106,0.0160530726793861
"319","여수동촌","06195 서울 강남구 삼성로75길 9 (대치동)",37.5033294,127.0574618,0.11683951631143
"320","비타민카페","06166 서울 강남구 삼성로100길 23-5 (삼성동)",37.5103526,127.057059,0.111996789800638
"321","목로","06030 서울 강남구 압구정로28길 18 (신사동)",37.5254222,127.0275587,0.079869970461113
"322","영동설렁탕","06525 서울 서초구 강남대로101안길 24 (잠원동)",37.5161224,127.0174252,0.0801821855542093
"323","쉐플로","06296 서울 강남구 논현로36길 29",37.4851485,127.0441814,0.121028678767466
"324","다이닝텐트","06028 서울 강남구 압구정로4길 13-13",37.5223298,127.02112,0.0776546162404314
"325","작은프랑스","08017 서울 양천구 목동동로8길 31-6",37.5162441,126.8722944,0.117011889913461
"326","삼성국수","06087 서울 강남구 영동대로 611 (삼성동, Chan&Chan Tower) 지하 1층",37.5146945,127.0594025,0.111197359885611
"327","이남장(삼성동점)","06172 서울 강남구 봉은사로108길 21",37.5135668,127.0644469,0.115944484712372
"328","저스트스테이크","06018 서울 강남구 선릉로157길 29",37.5262122,127.0373154,0.0866722850547298
"329","삼성원조양곱창","06075 서울 강남구 학동로101길 7",37.5209254,127.0576104,0.10612881757868
"330","봉피양(방이점)","05639 서울 송파구 양재대로71길 1-4 (벽제갈비)",37.5099679,127.1261994,0.171538842566923
"331","토마틸로","04539 서울 중구 을지로5길 26 (미래에셋 CENTER 1) 지하 1층",37.5673583,126.9851356,0.020243645348601
"332","나무가있는집","03175 서울 종로구 경희궁길 10-2",37.5711948,126.972106,0.00977702878434434
"333","그란구스또","06186 서울 강남구 삼성로 340 (대치동, 앨포트빌딩)",37.501937,127.0595671,0.119339530792517
"334","와라이","04539 서울 중구 을지로5길 26 (수하동, 미래에셋 CENTER 1) 지하 2층",37.5673583,126.9851356,0.020243645348601
"335","봉추찜닭","03079 서울 종로구 대학로11길 27 (명륜4가)",37.5827641,127.0011905,0.0313219684478829
"336","시화담","04344 서울 용산구 회나무로 75",37.5406316,126.9948254,0.0471936352018952
"337","대가방","06056 서울 강남구 선릉로145길 13 (럭스웨이빌딩)",37.5211149,127.0385258,0.0908758009859571
"338","유노추보","06028 서울 강남구 압구정로10길 36 (신사동)",37.5212119,127.0219242,0.0790254905837326
"339","기소야","06168 서울 강남구 삼성로92길 13 (삼성동)",37.5081525,127.0583651,0.114398765784991
"340","미피아체","06015 서울 강남구 압구정로80길 19-2 (청담동, 삼영빌딩)",37.5244677,127.0449675,0.0937821607198753
"341","유명국양평해장국","06524 서울특별시 서초구 강남대로101길 11 (잠원동)",37.5164575,127.0186063,0.0806199325247126
"342","한성칼국수","06048 서울 강남구 언주로 735 (관세개발원빌딩)",37.5207504,127.0337237,0.0875574113282189
"343","민스키친 (도산공원점)","06021 서울 강남구 도산대로45길 10-4 (신사동)",37.5231247,127.0361536,0.0877669361573037
"344","까발로비안코","06165 서울 강남구 삼성로104길 9 (삼성동)",37.5161048999999,127.0629435,0.113255130371838
"345","그라노","06020 서울 강남구 언주로168길 16 (히든하우스)",37.5261187,127.0349193,0.0848830261079868
"346","사루비아","06036 서울 강남구 논현로153길 57",37.5200103,127.0236017,0.0810354170617323
"347","명동함흥면옥","04537 서울 중구 명동10길 35-19 (명동2가)",37.5627334,126.9856737,0.0239062294329324
"348","도쿄팡야","06105 서울 강남구 학동로38길 23 (논현동)",37.5133976,127.0345752,0.0933366148848895
"349","밀탑","06001 서울 강남구 압구정로 165 (압구정동, 현대백화점본점)",37.527346,127.027355,0.0784007988666509
"350","웃사브","04049 서울 마포구 와우산로11길 10 (상수동)",37.5487125,126.922243,0.0574411073907938
"351","올바른음식소문(잠원점)","06521 서울 서초구 신반포로33길 27",37.50998,127.0097656,0.0811894678140519
"352","두가헌640","06017 서울특별시 강남구 언주로172길 23 (신사동)",37.5276449,127.0357753,0.0845739622820696
"353","꽃지","06170 서울 강남구 봉은사로 610 (삼성동, 수도빌딩)",37.514184,127.0616079,0.113278511966297
"354","참부자설렁탕","06178 서울 강남구 삼성로 436 (대치동, 운체빌딩)",37.505829,127.0575853,0.11529278126552
"355","전주식당청국장집","06526 서울특별시 서초구 나루터로 70 (잠원동)",37.5153186,127.0177423,0.0810179450434201
"356","두루","06064 서울 강남구 선릉로148길 28 (청담동)",37.5224301,127.0424175,0.0930180195717409
"357","채근담","06188 서울 강남구 역삼로98길 23 (일동빌딩)",37.5033707,127.0650401,0.122593325826041
"358","뱃고동","06018 서울 강남구 언주로172길 54 (신사동)",37.5268072,127.0380194,0.0868500608946736
"359","청담복집","06072 서울특별시 강남구 영동대로 725 (청담동)",37.5224392999999,127.0551421,0.103236725770725
"360","듀크렘","06033 서울 강남구 도산대로15길 45 (신사동)",37.5201487,127.0237172,0.081008405679648
"361","대치정육식당","06201 서울 강남구 역삼로 450 (대치동)",37.5021874,127.0563938,0.116806409948634
"362","진주집","07331 서울 영등포구 국제금융로6길 33 (여의도동)",37.5207606,126.926893,0.0738149688725065
"363","정식당","06014 서울 강남구 선릉로158길 11 (청담동)",37.5256192,127.0410689,0.0899833704362022
"364","진촌설렁탕","04808 서울 성동구 천호대로 438 (유선빌딩)",37.5606227,127.0674797,0.0995952736881136
"365","새벽집","06013 서울 강남구 도산대로101길 6 (청담동)",37.5255069,127.0528396,0.0996119602039753
"366","뜨리앙","06015 서울 강남구 도산대로67길 30 (청담동)",37.5259177,127.0445553,0.0925870137775746
"367","비스테카","04344 서울 용산구 회나무로 49",37.5400369,126.9920724,0.0463229374975263
"368","진도횟집","06648 서울 서초구 서초대로42길 54 (서초동, 건설기계회관)",37.4895754,127.0093972,0.0993278551517589
"369","파파호","06072 서울 강남구 영동대로 721 (리버뷰오피스텔)",37.5221805,127.0552966,0.103510441633104
"370","일비노로소","04328 서울 용산구 두텁바위로60길 25",37.5503355,126.9828959,0.0330405195789898
"371","청담골","06064 서울 강남구 선릉로148길 48 (청담동, 미준빌딩)",37.5224301,127.0424175,0.0930180195717409
"372","큰기와집","03053 서울 종로구 북촌로5길 62 (소격동)",37.5798993,126.9816244,0.0117189161068727
"373","두꺼비정육점식당","06197 서울 강남구 역삼로 421",37.5014291,127.0530726,0.114891956858595
"374","타이오키드","04404 서울 용산구 이태원로 214-1",37.5345767,126.997904,0.0539647194900481
"375","벽제갈비 타워팰리스점","06294 서울 강남구 언주로30길 26 (타워팰리스) VANNT 1층(도곡동)",37.4873933999999,127.0527274,0.124763400768279
"376","카페먼데이투선데이","06016 서울특별시 강남구 도산대로67길 13-3 (청담동)",37.5247519,127.0441199,0.0929339509955806
"377","케익하우스윈 (윈제과점)","06067 서울 강남구 삼성로 719 (청담동, 경덕빌딩)",37.5231998,127.0486655,0.097508883702454
"378","리샨","06620 서울 서초구 서초대로74길 11 (서초동, 삼성전자빌딩)",37.4966085,127.0269023,0.101593975534425
"379","비스트로드욘트빌","06014 서울 강남구 선릉로158길 13-7 (청담동) 1층",37.526034,127.0412231,0.0898522261080839
"380","홍능갈비집","02470 서울 동대문구 제기로 85 (홍능갈비집)",37.5866417,127.0437866,0.0740882160619355
"381","마당","06021 서울 강남구 도산대로45길 7 (신사동, 에르메스도산파크)",37.522743,127.0353146,0.087388464239453
"382","하동관","04538 서울 중구 명동9길 12 (명동1가)",37.5643946,126.9850185,0.0222325923207267
"383","휘닉스","06194 서울 강남구 테헤란로 440 (대치동, 포스코센터)",37.5057659,127.0561581,0.114252916471001
"384","산봉화로구이","06018 서울 강남구 선릉로155길 26",37.5257484,127.037568,0.0871606170855188
"385","갈비명가 이상(본점)","02807 서울 성북구 정릉로 364",37.6014124,127.0236475,0.0575578922075785
"386","코기코기","06017 서울 강남구 언주로172길 28 (신사동, 오리엔탈빌딩)",37.5272535,127.0359523,0.0849576386906425
"387","산띠","04053 서울 마포구 와우산로27길 70",37.5555034,126.9249735,0.0515536982978031
"388","하누소(인사점)","03163 서울 종로구 인사동4길 18 (낙원동, 로담코 인사빌딩)",37.5729616,126.987332,0.0190518995653883
"389","쟈니덤플링","04391 서울 용산구 보광로59길 5 (이태원동)",37.5338391,126.9937105,0.0525720906988647
"390","스시조","04533 서울 중구 소공로 106 (소공동, 서울 웨스틴조선호텔)",37.564378,126.980058,0.0192299731754852
"391","마오","06062 서울 강남구 도산대로56길 17 (청담동)",37.5219367,127.0405289,0.0918689753714989
"392","스시초희","06021 서울 강남구 도산대로45길 18-6 (신사동, 돌체비타빌딩)",37.523725,127.0359559,0.0872243856527511
"393","한미리(본점)","06188 서울 강남구 영동대로 333 (일동빌딩)",37.5041135,127.0648578,0.121984062773127
"394","코코브루니","06019 서울특별시 강남구 선릉로 803 (신사동)",37.5238945,127.0389528,0.0894063585336074
"395","마이쏭","06021 서울 강남구 도산대로45길 16-4 (신사동)",37.5233056,127.0356852,0.0872949750476478
"396","신사면옥","06054 서울 강남구 도산대로46길 11 (논현동, 논현오피스텔)",37.5212636,127.0366318,0.0893558559793856
"397","스타차이나","07333 서울 영등포구 여의대방로65길 24 (여의도동, 호성빌딩)",37.5204021,126.9292806,0.0727457352220756
"398","마포숯불갈비","06048 서울 강남구 도산대로 232 (논현동, 청학아파트) 에이동",37.5205692,127.0328266,0.0870311647025957
"399","레스쁘아뒤이부","06016 서울 강남구 선릉로152길 33 (청담동)",37.5247396,127.0423789,0.0915577138553592
"400","콰이19","06028 서울 강남구 강남대로162길 41-20 (신사동)",37.5218832,127.0211564,0.0780149183605866
"401","안","06011 서울특별시 강남구 도산대로81길 13 (청담동)",37.5252148,127.0475543,0.0954278200875363
"402","압구정서서갈비","06018 서울 강남구 압구정로50길 22 (신사동)",37.5267809,127.0376758,0.0865973458671776
"403","마이타이","04350 서울 용산구 이태원로 183-4 (이태원동)",37.5347043,126.9898281,0.0501387747402079
"404","강강술래(역삼점)","06257 서울 강남구 논현로 325 (강강술래)",37.4941559,127.0395211,0.111071732240605
"405","사와","06023 서울 강남구 언주로 841 (신사동, 석정빌딩)",37.5254077,127.0329203,0.0838300400229474
"406","남도마루","05653 서울특별시 송파구 위례성대로22길 14 (오금동)",37.5090713,127.1307071,0.176018101649365
"407","장수식당","04534 서울 중구 명동9가길 21 (을지로2가)",37.5648366,126.9832908,0.0207583668724196
"408","한추","06029 서울 강남구 논현로175길 68 (신사동)",37.5240393,127.0234316,0.0779453802659199
"409","싱카이","04520 서울 중구 세종대로 136 (태평로1가, 파이낸스빌딩) 지하 2층",37.568369,126.97779,0.01464382575456
"410","리북손만두","04520 서울 중구 무교로 17-13 (무교동)",37.5672148,126.9785303,0.016015026901627
"411","세림","04522 서울 중구 남대문로9길 24 (다동)",37.5687225,126.979816,0.0155487279376752
"412","무등산","06062 서울 강남구 선릉로146길 3 (청담동, 승봉빌딩)",37.523116,127.0419539,0.0922272125877077
"413","충무김밥","04536 서울 중구 명동10길 8 (명동2가)",37.5633916,126.9851068,0.0230375768519517
"414","유다까","06101 서울 강남구 언주로 632 (논현동)",37.5130355,127.0359056,0.0945218514073851
"415","조개창고 (달마수산)","04715 서울 성동구 왕십리로 331 (공영빌딩)",37.5625971,127.0327884,0.0654163105755711
"416","타니넥스트도어","04533 서울 중구 남대문로 73 (AVENUEL) 9층",37.564152,126.981643,0.020293737401719
"417","문화옥","04546 서울 중구 창경궁로 62-5 (주교동)",37.568082,126.9984559,0.0311988280821498
"418","하시","06103 서울특별시 강남구 봉은사로49길 7 (논현동)",37.518574,127.026651,0.0841416054406448
"419","이마스시","06023 서울 강남구 언주로 859 (신사동, 쉬즈.애비뉴빌딩)",37.5271774,127.0329337,0.0826831060815892
"420","바다식당","04348 서울 용산구 이태원로49길 18 (한남동)",37.5371402,126.9995024,0.0526698502561859
"421","미가할매","08753 서울 관악구 신림로 374",37.4876683,126.9289972,0.101665820323841
"422","충무상회","06022 서울 강남구 언주로167길 38 (신사동)",37.5265685,127.0300962,0.0809482118060623
"423","란나타이","07333 서울 영등포구 국제금융로 86 (여의도동, 롯데캐슬 아이비)",37.5200722,126.9318875,0.0716008848935519
"424","황태본가","07327 서울 영등포구 국제금융로2길 37 (여의도동, 에스트레뉴)",37.5229056,126.9242728,0.0736777679657178
"425","가람국시","06053 서울 강남구 언주로135길 13 (논현동)",37.5169459,127.0328724,0.089606135420511
"426","오자와","04043 서울 마포구 양화로10길 15",37.5509873,126.9173676,0.0603970355895015
"427","백제삼계탕","04536 서울 중구 명동8길 8-10 (명동2가)",37.5633991,126.9840823,0.0223703405027676
"428","뉘조","03146 서울 종로구 인사동14길 27",37.5751149,126.9851979,0.016262402819076
"429","창고43","07331 서울 영등포구 국제금융로6길 33 M2층",37.5207606,126.926893,0.0738149688725065
"430","텐카이","04347 서울 용산구 소월로 322 (한남동, 하얏트호텔) LL층",37.5393346,126.9972683,0.0496035175149898
"431","마마스","04516 서울 중구 서소문로 81 (순화동, 혜명빌딩)",37.5623209,126.9701951,0.0184086404258917
"432","커피지인","06021 서울 강남구 도산대로45길 14 (신사동)",37.5232254,127.0357937,0.0874294527862257
"433","마츠에라멘","04030 서울 마포구 동교로 126 (서교동, 광남벨라스아파트)",37.5534897,126.9177304,0.0588830028391951
"434","부산복집","04555 서울 중구 충무로 21-10 (초동)",37.5632916,126.9924678,0.0284912911643141
"435","중화 (진아춘 광화문점)","03186 서울 종로구 새문안로 92 (신문로1가, 광화문오피시아)",37.5696602,126.9748903,0.0121262746340271
"436","카페테라스","03053 서울 종로구 삼청로 102-2 (삼청동)",37.5843673,126.9822281,0.0128207610168001
"437","하노이의아침","07333 서울 영등포구 국제금융로 78 (여의도동, 홍우빌딩)",37.5208328999999,126.9312858,0.0712820613341942
"438","산들해","05544 서울 송파구 위례성대로 6 (방이동, 현대토픽스)",37.5168051,127.1131356,0.156820176990719
"439","비양도","02838 서울 성북구 성북로 160 (성북동)",37.5945614,126.9922864,0.0262862184090804
"440","명동해물탕","04536 서울 중구 명동8길 11-6 (명동2가)",37.5631219,126.9849622,0.0231470720480963
"441","전주설렁탕","05557 서울 송파구 백제고분로7길 33 (잠실동)",37.5108961,127.0825951,0.132547333261181
"442","부옥당","06170 서울 강남구 영동대로106길 41 (삼성동, 동영빌딩)",37.5142135,127.0644117,0.115542301497106
"443","한스케익","06031 서울 강남구 논현로167길 21 (신사동)",37.5245034,127.0262776,0.0795970038527152
"444","을지로골뱅이 (화산골뱅이)","04534 서울 중구 명동9길 43 (을지로2가)",37.5656614,126.9839542,0.0205800138981896
"445","흑돈가","06163 서울특별시 강남구 봉은사로86길 14 (삼성동)",37.5124803,127.0563072,0.110081329427473
"446","나리의집","04348 서울 용산구 이태원로 245 (한남동)",37.5368776,127.0000977,0.0532224746363754
"447","만발","06588 서울 서초구 서초대로29길 32 (방배동)",37.4895919,126.9950314,0.0945281617995359
"448","신안촌","03169 서울특별시 종로구 사직로12길 8 (내자동)",37.5753225,126.9710785,0.00552487436327591
"449","엠꼼마카롱","06302 서울 강남구 논현로24길 18 (도곡동)",37.4817258,127.0445586,0.123976157909693
"450","만요","06098 서울 강남구 언주로 640 (논현동, 임피리얼 팰리스호텔) 2층",37.514021,127.0358805,0.093800955077119
"451","서글렁탕","07343 서울 영등포구 여의대방로 394 (여의도동, 우정빌딩)",37.5194009,126.9328086,0.071689128357651
"452","홈수끼 (Home Sukki)","05638 서울 송파구 위례성대로 134 (방이동, 한스빌딩)",37.5119992,127.1262322,0.170740985000701
"453","한우집위","07333 서울특별시 영등포구 국제금융로 86 (여의도동)",37.5199092999999,126.9317832,0.0717943059102321
"454","남도미락","06578 서울 서초구 사평대로 150 (반포동, 궁전상가)",37.500394,127.000702,0.0860239731210406
"455","성북동메밀수제비","02879 서울 성북구 성북로31길 9 (성북동)",37.5945466,126.990451,0.0247361367163437
"456","삼정복집","06170 서울 강남구 봉은사로 626 (세헌빌딩)",37.5145933,127.0638968,0.114902638382927
"457","평가옥(잠실점)","05566 서울특별시 송파구 석촌호수로 106 (잠실동)",37.5076442,127.088642,0.139400851159836
"458","반포집","06501 서울 서초구 신반포로 15 (구반포상가)",37.5017647,126.9862345,0.0806277594199965
"459","마미청국장","03085 서울특별시 종로구 동숭4나길 2 (동숭동)",37.5831366,127.0042165,0.0343662298499503
"460","성북동돼지갈비집","02879 서울 성북구 성북로 115 (성북동)",37.5932483,126.9960567,0.028967552260584
"461","여의도양지탕","07238 서울특별시 영등포구 국회대로70길 7 (여의도동)",37.529955,126.9198949,0.0712871563277688
"462","개화","04535 서울 중구 남대문로 52-5 (명동2가)",37.5620722,126.9818207,0.022120178549453
"463","함평면옥","03721 서울 서대문구 성산로 527 (대신동, 하늬솔빌딩)",37.5637022,126.9440856,0.0309523632521069
"464","송아저씨빈대떡","03788 서울특별시 서대문구 연세로7안길 29 (창천동)",37.5580041,126.9351602,0.0415407607311224
"465","내고향식당","04528 서울특별시 중구 남대문시장길 18-3 (남창동)",37.5598862,126.9770242,0.0220142616185464
"466","엘본더테이블","06028 서울특별시 강남구 논현로175길 88 (신사동)",37.5233872,127.0220554,0.077488643584779
"467","충청도집","03059 서울특별시 종로구 북촌로 6-4 (재동)",37.579485,126.9840574,0.0141771694653695
"468","철철복집","04522 서울특별시 중구 을지로3길 29 (다동)",37.5673273,126.9813326,0.017592059714536
"469","반포치킨","06548 서울 서초구 신반포로 38 (구반포상가) 반포상가 J동 21호",37.5014798,126.9888463,0.0814731519376772
"470","무돌","06065 서울 강남구 선릉로 748 (청담동, 현대아파트)",37.5215094,127.0406181,0.0922113656431764
"471","도이치하우스","04402 서울 용산구 대사관로 46 (한남동, 서울빌딩)",37.5332667,127.0030356,0.0578637147238218
"472","블루밍가든(강남역점)","06241 서울특별시 강남구 강남대로 358 (역삼동)",37.4999072,127.0373932,0.105273875918046
"473","니시키","04400 서울특별시 용산구 이태원로 232 (한남동)",37.5355765,126.9994588,0.0539471726547337
"474","동아냉면","04406 서울특별시 용산구 우사단로 5 (보광동)",37.5308615,126.9966152,0.056555120427766
"475","백년옥","06719 서울 서초구 남부순환로 2407",37.4811511,127.0137688,0.108797604861315
"476","장사랑","06023 서울 강남구 언주로165길 7-4 (신사동)",37.5255394,127.0322783,0.0832613983136206
"477","아카사카","06621 서울특별시 서초구 서초대로74길 23",37.4955719,127.0270752,0.102550161315322
"478","스시효(서초점)","06621 서울 서초구 서초대로74길 23 (서초동, 서초타운트라팰리스)",37.4956277,127.0269945,0.102458866693367
"479","동아리","03188 서울 종로구 청계천로 35 (서린동, 관정빌딩)",37.5693468,126.9812758,0.0160668343431434
"480","백암왕순대","03703 서울 서대문구 증가로 13-6",37.569355,126.9310343,0.0405288441179953
"481","오시리또오시리","05548 서울 송파구 오금로15길 7-20 (방이동)",37.5130723,127.1088588,0.154522266761644
"482","엘쁠라또","06036 서울특별시 강남구 도산대로17길 11 (신사동)",37.5193707,127.0245954,0.0821733694170945
"483","단풍나무집(이태원점)","04350 서울특별시 용산구 이태원로27가길 26 (이태원동)",37.5350713,126.9937652,0.0515014060499284
"484","두가헌","03062 서울특별시 종로구 삼청로 14 (사간동)",37.5779192,126.9809449,0.0113626570070493
"485","크레이지호스","06029 서울특별시 강남구 압구정로12길 35 (신사동)",37.5217086,127.0229302,0.0793206567419237
"486","갯마을낙지","05562 서울 송파구 백제고분로9길 6 (잠실동, sms)",37.5089049,127.079828,0.131282253203091
"487","비손","04349 서울 용산구 이태원로27길 101",37.5376697,126.9949025,0.0497732599624446
"488","홍보각","04618 서울특별시 중구 동호로 287 (장충동2가)",37.5602645,127.0023817,0.0383607074211302
"489","나폴레옹","02880 서울특별시 성북구 성북로 7 (성북동1가)",37.589119,127.0038127,0.0349016621967998
"490","청담면옥함흥냉면","06088 서울특별시 강남구 선릉로 664 건설빌딩",37.5158337,127.0422812,0.097186587700976
"491","송림가","08275 서울 구로구 경인로 398 (송림가든)",37.4972581,126.8645066,0.13447036654743
"492","남포","06053 서울 강남구 학동로 231 (논현동)",37.5155245,127.034187,0.091541261161728
"493","서초갈비","06719 서울 서초구 반포대로 12",37.4817714,127.0129511,0.1079015818947
"494","북평닭곰탕","03084 서울특별시 종로구 대학로14길 18-2 (혜화동)",37.5839551,127.0026555,0.0328794817363339
"495","다원","02822 서울특별시 성북구 대사관로 3 (성북동)",37.5974999,126.9864389,0.0235306610542481
"496","안성집","04544 서울특별시 중구 을지로15길 19 (을지로3가)",37.5673521,126.9933605,0.0269753609030432
"497","폴앤폴리나","03703 서울특별시 서대문구 연희로11길 56",37.5688442,126.929055,0.0425720051241403
"498","아티제","06620 서울 서초구 서초대로74길 11 (서초동, 삼성전자빌딩)",37.4966085,127.0269023,0.101593975534425
"499","변경","04426 서울특별시 용산구 이촌로 276-1 (이촌동)",37.5185397,126.9773819,0.062632313085258
"500","텀블러비어","06236 서울특별시 강남구 테헤란로20길 15 (역삼동)",37.4987083,127.0347463,0.104535699684886
"501","연지얼큰동태국","03129 서울특별시 종로구 종로31길 8-1 (종로5가)",37.5714635,127.0002513,0.03170040337109
"502","흑산도","04536 서울특별시 중구 명동8길 11-6 (명동2가)",37.5631219,126.9849622,0.0231470720480963
"503","주빌리쇼콜라띠에","07325 서울 영등포구 국제금융로2길 24 (삼성생명(주)여의도빌딩)",37.5242667,126.92482,0.0722716382825278
"504","매봉집","05624 서울 송파구 백제고분로41길 41",37.5090255,127.1056188,0.153464501891607
"505","길손","06030 서울특별시 강남구 논현로175길 40 (신사동)",37.5250306,127.0253068,0.0785380502203143
"506","열해","04426 서울특별시 용산구 이촌로 248 (이촌동)",37.5178480999999,126.9729615,0.062952402726678
"507","우래옥(대치점)","06188 서울특별시 강남구 영동대로 313 (대치동)",37.5022259,127.0660067,0.124065879970479
"508","자하손만두","03020 서울 종로구 백석동길 12",37.5930963,126.9660366,0.0129683549149505
"509","감촌","03157 서울특별시 종로구 종로 19 (종로1가)",37.5703614,126.9786571,0.0135476452928144
"510","사발","03174 서울특별시 종로구 사직로8길 34, 경희궁의아침3단지 1층 142호 (내수동)",37.5732644,126.9719961,0.00774272591403968
"511","손칼국수","03076 서울 종로구 혜화로 10-5",37.5866028,127.0006931,0.0313143708047949
"512","영동돌곱창","06054 서울특별시 강남구 언주로148길 13 (논현동)",37.5206516,127.0359363,0.0892487299263098
"513","논현쭈꾸미","06119 서울특별시 강남구 봉은사로1길 27 (논현동)",37.5070577,127.0249143,0.0919239594461105
"514","대련집","03191 서울특별시 종로구 종로16길 37 (관수동)",37.5684035,126.9890267,0.0227241402752574
"515","명화당","04536 서울특별시 중구 명동4길 30 (명동2가)",37.5623325,126.9838048,0.0230382352414403
"516","첨벙아구찜","06038 서울특별시 강남구 강남대로150길 12 (논현동)",37.5158205,127.0206211,0.082353176135044
"517","스탠딩커피","04345 서울특별시 용산구 녹사평대로 224-1 (이태원동)",37.5377053,126.9869452,0.0462631668816509
"518","모로미","04041 서울특별시 마포구 와우산로21길 19-16 (서교동)",37.5517721999999,126.9225079,0.0555673629378428
"519","인사동 뽕다방","03148 서울 종로구 인사동길 30-10",37.573562,126.9863035,0.0178684525401601
"520","대문","01316 서울 도봉구 시루봉로 139-6",37.6636561,127.0275309,0.100967471305217
"521","워킹온더클라우드","07345 서울특별시 영등포구 63로 50 (여의도동)",37.5194647,126.9398326,0.0682590478533044
"522","수카라","121-210 서울특별시 마포구 와우산로 157 (서교동)",37.5550951,126.9299385,0.0475050965313154
"523","버터핑거팬케익스(강남역점)","06615 서울특별시 서초구 강남대로61길 13 (서초동)",37.4988517,127.0255375,0.0989714081100618
"524","장가네곱창구이","04163 서울 마포구 토정로 290",37.5411788,126.9413425,0.0488019990420471
"525","평가옥(양재점)","06775 서울 서초구 논현로 69 (양재동, 상호빌딩)",37.4761467,127.0457026,0.129143118584918
"526","오설록 티하우스 인사동점","03145 서울특별시 종로구 인사동길 45-1, 오설록티하우스 (관훈동)",37.5742111,126.98435,0.0158197366160131
"527","산골면옥","04545 서울 중구 을지로 175-5(을지로4가)",37.5669832,126.9973421,0.0306605833855043
"528","을지면옥","04544 서울특별시 중구 충무로14길 2-1 (입정동)",37.5676839,126.9928603,0.0263764908335043
"529","강서면옥","04513 서울 중구 세종대로11길 35",37.5619851,126.9739462,0.0191670651044915
"530","조선옥","04544 서울 중구 을지로15길 6-5",37.5667543,126.9936301,0.0275086013757503
"531","원조쌈밥집","06787 서울 서초구 강남대로8길 3",37.4677979999999,127.0413072,0.133593175813256
"532","황소집","04557 서울특별시 중구 충무로2길 2 (충무로3가)",37.5624726,126.9933209,0.0296674628038822
"533","맛있는계절","02538 서울 동대문구 답십리로51길 38",37.5737174,127.0578082,0.0881525877875892
"534","설화한우","06543 서울특별시 서초구 주흥1길 17 (반포동)",37.5036020999999,127.0199994,0.0919501079310649
"535","늘푸른목장","05563 서울특별시 송파구 백제고분로9길 34 (잠실동)",37.5095384,127.0826242,0.133292225230313
"536","플로리안","05718 서울특별시 송파구 송파대로28길 27 (가락동)",37.5014044,127.1231731,0.172551912506872
"537","고모네원조콩탕북어탕","05376 서울특별시 강동구 풍성로57길 13 (성내동)",37.5296194,127.1359232,0.173678459411195
"538","광장동가온","04969 서울특별시 광진구 아차산로78길 75, 크레스코오피스텔 106호 (광장동)",37.551573,127.1109741,0.144021111912736
"539","본가","06119 서울특별시 강남구 강남대로 494",37.5063572,127.0240997,0.0920043893640892
"540","동해별관","06120 서울특별시 강남구 강남대로112길 13 (논현동)",37.5057836,127.0263692,0.0938160947181745
"541","부림정 숯불갈비","05082 서울특별시 광진구 뚝섬로 476-7 (자양동)",37.5363506,127.0627208,0.102852169643659
"542","채선당(중곡점)","04941 서울특별시 광진구 용마산로 110 (중곡동)",37.5633567,127.0872224,0.118566996903689
"543","진진바라 (강남점)","06212 서울특별시 강남구 테헤란로52길 15, 선릉이스타빌 B02호 (역삼동)",37.5031376,127.0479265,0.110013312316733
"544","금강산","02442 서울특별시 동대문구 이문로12길 3-9 (이문동)",37.5938551,127.0588713,0.0899001093603924
"545","하동관(강남분점)","06194 서울특별시 강남구 테헤란로78길 16 (대치동)",37.5050235,127.0553255,0.114117034416988
"546","초우마을","02446 서울특별시 동대문구 회기로28길 8 (휘경동)",37.5893893,127.0559099,0.0864103068769569
"547","한촌(역삼스타점)","06237 서울특별시 강남구 논현로85길 23, 영원빌딩 1층 (역삼동)",37.4987464,127.036095,0.105347546785528
"548","한우한마리","07779 서울특별시 강서구 강서로5나길 65 (화곡동)",37.528228,126.8445303,0.135950384774521
"549","두레미담(서울대점)","08826 서울특별시 관악구 관악로 1 (신림동)",37.459882,126.9519053,0.122183247946431
"550","상도갈비타운","06919 서울특별시 동작구 매봉로 13 (상도1동)",37.5058502,126.9501501,0.0774472359761149
"551","마포옥","04165 서울특별시 마포구 토정로 312 (용강동)",37.5427775,126.9428758,0.0466090888243941
"552","서석대","06631 서울특별시 서초구 서초대로 346, 동아빌라드 1층 (서초동)",37.4950571,127.0194077,0.0989293664124553
"553","용산역전회관(1962)","04155 서울특별시 마포구 토정로37길 47 (염리동)",37.5428827,126.9469899,0.0442573435828421
"554","오미가(양재점)","06738 서울특별시 서초구 남부순환로 2634-8 (양재동)",37.4845283999999,127.0386036,0.118193525262376
"555","수빈떡갈비","03699 서울특별시 서대문구 연희로25길 29 (연희동)",37.5719634,126.9342177,0.0367766799330755
"556","참설농탕","06729 서울특별시 서초구 효령로 424 (서초동)",37.4887723,127.0302221,0.109956146396867
"557","본가평양면옥","06530 서울특별시 서초구 강남대로93길 28 (잠원동)",37.5126987,127.0201701,0.0845667204465747
"558","왕가","01002 서울특별시 강북구 삼양로 681 (우이동)",37.6633847,127.0120054,0.0927475877495527
"559","갈비명가이상(길음신관)","02734 서울특별시 성북구 정릉로 395 (하월곡동)",37.6041779,127.0409997,0.0748340289711154
"560","오가","06020 서울특별시 강남구 언주로164길 13 (신사동)",37.525489,127.0344941,0.0849659766858448
"561","클럽에스프레소","03020 서울 종로구 창의문로 132",37.5926452,126.9659715,0.0125592417422446
"562","마리모","06019 서울특별시 강남구 도산대로49길 10-1 (신사동)",37.5237396,127.0375248,0.0884084364843604
"563","남포면옥(논현동)","06053 서울 강남구 학동로 231 (논현동)",37.5155245,127.034187,0.091541261161728
"564","파쿠모리카레","04053 서울 마포구 어울마당로 132-1 (서교동)",37.5557548,126.9247798,0.0516005790608058
"565","원대구탕","03188 서울 종로구 청계천로 17",37.5693566,126.9794745,0.0148427689903123
"566","울돌목가는길","06656 서울 서초구 서초대로40길 41",37.4897988,127.0080011,0.0985753927250547
"567","가미우동","04055 서울 마포구 홍익로2길 23 (서교동)",37.5546352,126.9238384,0.0529688271458866
"568","삼청각","02822 서울 성북구 대사관로 3 (성북동, 삼청각)",37.5970377,126.9841211,0.0216163643494899
"569","금강바베큐치킨","06542 서울특별시 서초구 사평대로 349 (반포동)",37.5037705,127.0212934,0.0925208972384041
"570","우리집만두","06123 서울특별시 강남구 강남대로106길 15 (역삼동)",37.501405,127.0361603,0.1033339614335
"571","하나로회관","03162 서울 종로구 인사동5길 25 (인사동, 하나로빌딩)",37.5720602,126.9853831,0.0177137102025517
"572","불이아(강남점)","06050 서울특별시 강남구 언주로 711 (논현동)",37.517514,127.0346043,0.0904329370193129
"573","돈수백","04050 서울특별시 마포구 홍익로6길 56 (동교동)",37.5563216,126.9244898,0.0515839678796628
"574","진사댁","04536 서울특별시 중구 명동길 30-1 (명동2가)",37.5633991,126.9840823,0.0223703405027676
"575","채선당(목동점)","08010 서울 양천구 목동동로12길 20 (신정동, 하버드)",37.5226416,126.8732479,0.112793402488006
"576","설담재설렁탕","01426 서울 도봉구 도봉로 562 (창동)",37.6547736,127.0390556,0.101294028942723
"577","라미띠에","06026 서울 강남구 언주로153길 7 (신사동)",37.5226172,127.0324914,0.0853824245018198
"578","홀리차우","04350 서울 용산구 이태원로 179 (해밀톤호텔 (본관))",37.5347906,126.9935937,0.0516716625010236
"579","뿌자","03104 서울 종로구 종로 327",37.5727114,127.0139618,0.0447508412735436
"580","설매네","06022 서울 강남구 압구정로30길 23",37.5258525,127.029481,0.080975536487755
"581","사마리칸트","04561 서울 중구 마른내로 159-10",37.5649968,127.0059114,0.0392654678104014
"582","손국시","06054 서울 강남구 언주로150길 9",37.5211224,127.035142,0.0883446134177283
"583","일품당","03183 서울 종로구 세종대로23길 25",37.5714698,126.9750342,0.0105694178065687
"584","일품향","04535 서울 중구 남대문로 52-13",37.5621715,126.9824736,0.0223954027398482
"585","원주추어탕","06123 서울 강남구 강남대로110길 6",37.5040021,127.0254378,0.0946963605655443
"586","차이797","06585 서울 서초구 동광로 78",37.4933182,126.994525,0.0908025254400423
"587","우면산버드나무집","06725 서울 서초구 남부순환로 2457",37.4827058,127.0191169,0.10966846328831
"588","팔팔민물장어","06543 서울 서초구 사평대로 335 (금성빌딩)",37.5033392,127.0198027,0.0920640395738705
"589","하누소","01405 서울 도봉구 노해로 327",37.6514584,127.0447838,0.102981574679604
"590","조성용의 이웃사촌","02783 서울 성북구 화랑로 280",37.6122818,127.0601863,0.0956085481484733
"591","카페C","04425 서울 용산구 이촌로 310 (래미안 첼리투스)",37.5171798,126.9798874,0.0643225453567358
"592","레드마블하우스","06224 서울 강남구 논현로 408",37.4966259,127.0391565,0.108925463111845
"593","레비스","03330 서울 은평구 연서로29길 14-9",37.6194476999999,126.9189753,0.0640008518712303
"594","사랑방칼국수","04555 서울 중구 퇴계로27길 46",37.5632323,126.9913231,0.0276323795220339
"595","명동교자","04537 서울 중구 명동10길 29",37.5625339,126.9857421,0.0241015578693514
"596","풍월","04049 서울 마포구 어울마당로 44-1 (라꼼마빌딩)",37.5489167,126.9209115,0.0584399149887303
"597","고려삼계탕","04516 서울 중구 서소문로11길 1 (서소문동)",37.5629599,126.9728983,0.018013246489452
"598","할머니현대낙지집","06029 서울 강남구 압구정로14길 11",37.5235656,127.0233597,0.078241457146576
"599","만호","06546 서울 서초구 신반포로 176 (센트럴시티빌딩)",37.5041299,127.0030692,0.0834572431140571
"600","허형만의압구정커피집","06001 서울 강남구 압구정로 151 (현대아파트)",37.5260254,127.0246603,0.0773771411693293
"601","스시효","06064 서울 강남구 선릉로146길 25 (유현빌딩)",37.5220610999999,127.0418667,0.0928222397552465
"602","원할머니본가","04573 서울 중구 난계로 201 (황학동, 황학동 원할머니보쌈 사옥)",37.5696186,127.0231595,0.0543716910984025
"603","아리랑","04532 서울 중구 남대문로7길 23 (소공동, 전통한국식당)",37.5638454,126.9805718,0.019953892409503
"604","장성생태탕","06048 서울 강남구 언주로149길 7",37.5203739,127.0335136,0.0876632476233887
"605","뚜또베네","06011 서울 강남구 압구정로77길 5",37.5257176,127.0471033,0.0947686050032368
"606","단풍나무집","03053 서울 종로구 삼청로 130",37.5868367,126.9819805,0.0135062492754304
"607","온마을","03049 서울 종로구 삼청로 127 (삼청동)",37.5866372,126.9815224,0.0130074849225353
"608","한미리(광화문점)","04520 서울특별시 중구 청계천로 8 (무교동)",37.568084,126.9791516,0.0156464868877896
"609","정감어린","04336 서울특별시 용산구 후암로 4 (후암동)",37.5474401,126.979682,0.034685331504823
"610","용금옥","03036 서울특별시 종로구 자하문로 41-2 (통인동)",37.5810252,126.9685121,0.00145347223572345
"611","강남따로국밥","06526 서울 서초구 신반포로47길 119 대원빌딩",37.515415,127.0184921,0.0813852576611996
"612","팔색삼겹살 본점","121-100 서울특별시 마포구 백범로 18, 미화빌딩 B1F",37.5533248,126.9370162,0.0428316840010996
"613","부다스벨리","04345 서울특별시 용산구 녹사평대로40길 48 (이태원동)",37.5343664,126.9883527,0.0498857612761298
"614","가미분식","03767 서울특별시 서대문구 이화여대8길 2 (대현동)",37.558617,126.9459253,0.0326395334638872
"615","보노보노","06178 서울 강남구 테헤란로 508 (해성2빌딩)",37.5067872,127.0579725,0.114968839959095
"616","가츠라","04534 서울특별시 중구 명동길 25-4 (명동1가)",37.5645899,126.9858274,0.0226495766759532
"617","갯마을","04388 서울 용산구 서빙고로 56 (한강로3가)",37.5254702999999,126.9647341,0.0555015993937155
"618","여수오동도","06202 서울 강남구 삼성로71길 7",37.5020909,127.0582996,0.118288140543668
"619","나마스테","03114 서울특별시 종로구 지봉로 18 (숭인동)",37.571701,127.0159698,0.0469116460795078
"620","남매집","04526 서울특별시 중구 남대문로1길 41 (북창동)",37.562841,126.977184,0.0192998688474764
"621","더레스토랑","03053 서울특별시 종로구 삼청로 54 (소격동)",37.5809379,126.9806558,0.0107230604325341
"622","동강","04427 서울특별시 용산구 이촌로 182 (이촌동)",37.5209735,126.9673472,0.059810200563115
"623","동보성","04629 서울특별시 중구 퇴계로18길 5 (남산동2가)",37.5603159,126.9857687,0.0258331950879019
"624","된장예술툇마루","03148 서울특별시 종로구 인사동4길 5-26 (인사동)",37.5733325,126.9864413,0.0180873858058504
"625","라칼라스","06719 서울특별시 서초구 반포대로 8 (서초동)",37.481463,127.0130343,0.108217593608154
"626","라쿠치나","04346 서울특별시 용산구 회나무로44길 10 (이태원동)",37.5405032,126.9964656,0.0481860327158079
"627","램하우스","06596 서울특별시 서초구 법원로2길 15 (서초동)",37.4941498,127.0123834,0.0964241484814312
"628","리틀사이공","06017 서울특별시 강남구 언주로174길 26 (신사동)",37.5279383,127.0358428,0.0844427925660831
"629","마포진짜원조최대포","04213 서울특별시 마포구 마포대로 112-4 (공덕동)",37.5482369,126.9581883,0.0345489847447054
"630","막내횟집","04528 서울특별시 중구 남대문시장2가길 2 (남창동)",37.5593384,126.976708,0.0224360957550502
"631","명동돈가스","04534 서울특별시 중구 명동3길 8 (명동1가)",37.5639929,126.9835683,0.0215853156865901
"632","무교동북어국집","04522 서울특별시 중구 을지로1길 38 (다동)",37.5677037,126.9798457,0.0163661392762538
"633","미진","03157 서울특별시 종로구 종로 19 (종로1가)",37.5703614,126.9786571,0.0135476452928144
"634","미타니야(이촌동점)","04426 서울특별시 용산구 이촌로 264 (이촌동)",37.5185208,126.9760327,0.0625050621311583
"635","경인미술관전통다원","03146 서울특별시 종로구 인사동10길 11-4 (관훈동)",37.5745581,126.9856232,0.0168579316263905
"636","고바우","03776 서울특별시 서대문구 명물1길 22 (창천동)",37.5583649999999,126.9373111,0.0395524481288373
"637","미엘","06016 서울특별시 강남구 도산대로67길 13-12 (청담동, 퍼즐하우스)",37.5252864,127.0435926,0.0921911560103716
"638","루이","04519 서울 중구 세종대로21길 40",37.5682285,126.9758336,0.0138212098631046
"639","광화문집","03183 서울특별시 종로구 새문안로5길 12 (당주동)",37.571335,126.9749738,0.0106590024997629
"640","스모키살룬","140-200 서울특별시 용산구 이태원로27가길 9 (이태원동)",37.5349274,126.9947515,0.0520916123668655
"641","원조할머니낙지센타","04526 서울 중구 남대문로1길 38",37.5627451999999,126.9774368,0.0194846172724392
"642","스시시로","04049 서울 마포구 어울마당로 34",37.5481464,126.9204246,0.0592688874008094
"643","마복림 할머니 막내 아들네 떡볶이","04611 서울특별시 중구 다산로 221 (신당동)",37.5628886,127.0150749,0.0485372240328971
"644","카페 자스","03993 서울특별시 마포구 동교로27길 12 (동교동)",37.5588369,126.9228634,0.0519126557074518
"645","국시집","02880 서울특별시 성북구 창경궁로43길 9 (성북동1가)",37.5883894,127.0042903,0.0351994606086411
"646","들풀","03078 서울 종로구 대명1길 24 (들풀)",37.5825329,127.0005222,0.0306406231300883
"647","멘야산다이메","04039 서울 마포구 홍익로5안길 24",37.5536482,126.9214283,0.0555533964983254
"648","국화정원","02838 서울특별시 성북구 성북로 154 (성북동)",37.5945261,126.9926888,0.0266109067594436
"649","마전터","02880 서울 성북구 혜화로 82-2",37.5926558,126.9986555,0.0310991668393188
"650","일미","04324 서울 용산구 후암로57길 35-15 (부곡목욕탕)",37.5521198,126.9743314,0.0289437736649832
"651","궁","03146 서울특별시 종로구 인사동10길 11-3 (관훈동)",37.57423,126.9853967,0.0167717159795797
"652","달식탁","06036 서울 강남구 도산대로15길 11",37.5190215,127.0237719,0.0818907104307262
"653","옛골","06125 서울 강남구 봉은사로24길 12",37.5058926,127.0325704,0.0975884756483483
"654","봉산옥","06716 서울 서초구 반포대로8길 5-6 (조강빌딩)",37.4833449,127.0124419,0.106255650608564
"655","한과채","03146 서울 종로구 인사동10길 13",37.5743048,126.9857081,0.0170308730633434
"656","깡장집","03173 서울특별시 종로구 새문안로5길 19 (당주동) 지하 1층 57, 58호",37.5712308,126.9752152,0.0108661738330377
"657","서초장어타운","06645 서울 서초구 반포대로28길 77 (큰대문집)",37.4911643,127.010897,0.0984860622037398
"658","남도식당","03156 서울 종로구 종로3길 42",37.5721944,126.9794234,0.012761298478207
"659","해동복국","07333 서울 영등포구 여의대방로67길 22 (태양빌딩)",37.5206229,126.9299477,0.0721911015946571
"660","산모퉁이","03020 서울 종로구 백석동길 153",37.5953909,126.9679537,0.0147964249550379
"661","커피친구","03150 서울특별시 종로구 삼봉로 81 (수송동)",37.5723555,126.9818018,0.0145230651668244
"662","뉴욕바닷가재","06014 서울 강남구 선릉로152길 5",37.5242265,127.0400018,0.0900098332985857
"663","아꼬떼","06300 서울 강남구 논현로26길 55",37.4843465,127.0462846,0.122957828841761
"664","파크 하얏트 서울 더라운지","06174 서울 강남구 테헤란로 606 (호텔아이파크(주))",37.5085791,127.0641676,0.118681258325819
"665","토담골","06070 서울 강남구 삼성로 766 (청담동, 유림빌딩)",37.5231998,127.0486655,0.097508883702454
"666","콩두","04519 서울 중구 덕수궁길 116-1 서울 역사박물관 1층",37.5676468,126.9740022,0.0136986746647234
"667","이즈미","06023 서울 강남구 언주로 849 (신사동)",37.5226879,127.0252724,0.0801926951648321
"668","오구반점","04543 서울 중구 수표로 60",37.5664942,126.9898619,0.0244884020846497
"669","두바이","04406 서울 용산구 이태원로 192",37.5343271,126.9953581,0.0529089771518014
"670","형제갈비","03776 서울 서대문구 연세로 24",37.5577315,126.9370983,0.0400881646710082
"671","리스토란테에오","06015 서울 강남구 도산대로75길 15 (청담동)",37.5251521,127.045702,0.093964439609886
"672","김씨도마","03173 서울 종로구 사직로8길 42 (광화문시대)",37.5737589,126.973109,0.00765765754522052
"673","목련식당","06049 서울 강남구 도산대로30길 15",37.5188361,127.0298207,0.0861213746370155
"674","외백","04172 서울 마포구 도화2길 4",37.5402437,126.9486146,0.0457548378211547
"675","부산아구","06038 서울 강남구 강남대로150길 10 (논현동)",37.5157405,127.0206925,0.0824601738606509
"676","성천막국수","02615 서울 동대문구 전농로 48",37.5690260999999,127.0573024,0.0881477451346376
"677","안집","03059 서울 종로구 북촌로 6-6",37.5775194,126.9863109,0.0166874156207621
"678","라칸티나","04523 서울 중구 을지로 19 (을지로1가, 삼성빌딩) 삼성빌딩 지하 1층",37.5662422,126.9799415,0.0176057875467075
"679","유진식당","03140 서울 종로구 종로17길 40 탑골공원 정문 반대편(북문) 앞",37.5719638,126.9883198,0.020366987214848
"680","비금도","06015 서울 강남구 압구정로80길 26 (청담동, 노아빌딩)",37.5247602,127.044596,0.0933094627660479
"681","10꼬르소꼬모카페","06015 서울 강남구 압구정로 416 Trinity 빌딩 지하1층",37.5268913,127.0423899,0.0902668238112391
"682","등대","06177 서울 강남구 영동대로 342 (대치동, 덕유빌딩)",37.5051873,127.0657266,0.121993528432451
"683","우미각","06050 서울 강남구 언주로141길 6",37.5188036,127.0342035,0.0892471846082541
"684","뜨락","06075 서울 강남구 영동대로142길 13-3 (청담동)",37.5245509,127.0555861,0.102430357072153
"685","라그릴리아","06737 서울 서초구 남부순환로 2620 (강남피타워)",37.4810366,127.0181186,0.110724857198589
"686","마담밍","06192 서울 강남구 선릉로86길 5-4 (대치동)",37.5034237,127.0502256,0.111456363571757
"687","영천영화식육식당","06070 서울 강남구 도산대로90길 3 (상민빌딩)",37.5239525,127.0495728,0.0978040611582162
"688","바닷가재가리비","07391 서울특별시 영등포구 가마산로90길 3 (신길동)",37.5037788,126.9212663,0.09104809774762
"689","와라쿠","06028 서울 강남구 압구정로4길 13-7",37.5220939,127.0207068,0.0775610629532561
"690","보건옥","04546 서울특별시 중구 창경궁로8길 12(주교동)",37.568489,126.9987414,0.0312986578186621
"691","헬로우","06036 서울 강남구 논현로151길 55 (호경빌딩)",37.5194638,127.0236552,0.0814809598579253
"692","부산갈매기","04526 서울특별시 중구 남대문로 25-20 (북창동)",37.5623517,126.9773652,0.0198214081275705
"693","파로그랜드","04539 서울 중구 을지로5길 26 (미래에셋 CENTER 1)",37.5673583,126.9851356,0.020243645348601
"694","부산식당","03145 서울특별시 종로구 인사동11길 12 (관훈동)",37.5738322,126.983987,0.0156528669926578
"695","다미","07331 서울 영등포구 국제금융로8길 34 (오륜빌딩)",37.520196,126.9272258,0.074082017965833
"696","불이아","03995 서울특별시 마포구 동교로 182-6 (동교동)",37.5560001,126.9307623,0.0463242804370498
"697","대동문","07328 서울 영등포구 국제금융로6길 30 (백상빌딩) 백상빌딩 2층",37.521706,126.9265314,0.0732626521663642
"698","비하인드","04048 서울특별시 마포구 어울마당로5길 18 (서교동)",37.5492637,126.9196469,0.0593199475927791
"699","뽐모도로","03183 서울특별시 종로구 새문안로9길 19-1 (당주동)",37.5710711,126.9756,0.0111957319814268
"700","양마니","07238 서울 영등포구 국회대로76길 16",37.5302335,126.9216785,0.0698450765861854
"701","사동면옥","03148 서울 종로구 인사동8길 9 (관훈동)",37.5740624,126.9857148,0.0171299335693308
"702","올라","07236 서울 영등포구 의사당대로 38 (여의도동, 여의도더샵아일랜드파크)",37.5257332,126.9186431,0.0752012866854064
"703","처마끝하늘풍경","03146 서울특별시 종로구 인사동14길 24-2 (관훈동)",37.5748386,126.9853397,0.0164921933901999
"704","몰타참치","06194 서울 강남구 삼성로85길 26 (대치동, V&S) V&S빌딩 2층",37.5050305,127.0549725,0.113848480486699
"705","송옥","04526 서울 중구 남대문로1길 11",37.5615227,126.9773595,0.0205902451439996
"706","산동교자","04535 서울특별시 중구 명동2길 22 (명동2가)",37.5621715,126.9824736,0.0223954027398482
"707","강릉옛날집 감자바우","06023 서울 강남구 언주로 855",37.5267875,127.032967,0.0829614573936555
"708","송죽","04554 서울 중구 수표로2길 26 (필동1가)",37.5620717,126.9920529,0.0289353880846621
"709","산토리니","04350 서울특별시 용산구 이태원로27가길 43 (이태원동)",37.5347917,126.992883,0.0513491575319387
"710","테이블34","06164 서울 강남구 테헤란로 521 (삼성동, 그랜드인터콘티넨탈호텔)",37.5088823,127.0608141,0.115848213925156
"711","대려도","06251 서울 강남구 역삼로 120 (역삼동, 성보역삼빌딩)",37.4935769,127.0326581,0.107375389654844
"712","삼오쭈꾸미","03739 서울특별시 서대문구 통일로 107-19 (미근동)",37.5624393,126.966516,0.0186052080880566
"713","양마니(청담점)","06062 서울 강남구 도산대로56길 16",37.521907,127.0403087,0.0917189214377207
"714","열차집","03158 서울 종로구 종로7길 47 (공평동)",37.5716628,126.9827678,0.0157117249533584
"715","신창면옥","04559 서울 중구 마른내로 106 (오장동, 신창면옥)",37.5642159,126.9996475,0.0339924121022517
"716","도원","04525 서울 중구 소공로 119 (서울프라자호텔) 더플라자호텔 3층",37.564636,126.978059,0.0180262429399434
"717","도향촌","04535 서울 중구 명동2길 26 (명동2가)",37.5621715,126.9824736,0.0223954027398482
"718","쌀람","04405 서울 용산구 우사단로10길 39 (한남동)",37.5332654,126.9975515,0.0549122212278807
"719","서강8경","04081 서울특별시 마포구 토정로 128 (상수동)",37.5474533,126.9263351,0.0548463265447184
"720","목천집","06719 서울 서초구 효령로52길 69 (서초동)",37.4812624,127.0133931,0.108544782200618
"721","야래향","04634 서울특별시 중구 퇴계로10길 14 (회현동1가)",37.558174,126.9804201,0.0248718897508774
"722","삼청동수제비","03049 서울특별시 종로구 삼청로 101-1 (삼청동)",37.5844951,126.9818969,0.012541337216174
"723","샘밭막국수","06633 서울 서초구 서초대로58길 34 (G5센트럴프라자)",37.4931858,127.0179157,0.0998286082263974
"724","카카오봄","04053 서울 마포구 와우산로27길 6 (서교동)",37.5538819,126.9279937,0.0497971168527861
"725","양미옥","04544 서울특별시 중구 충무로 62 (을지로3가)",37.5667742,126.9928001,0.0267866031131167
"726","알트스위스샬레","04349 서울특별시 용산구 이태원로27길 38 (이태원동)",37.5356409,126.9942011,0.0512022738746014
"727","풍요람","03739 서울특별시 서대문구 통일로 107-17 (미근동)",37.5624393,126.966516,0.0186052080880566
"728","서린낙지","03157 서울특별시 종로구 종로 19 (종로1가)",37.5703614,126.9786571,0.0135476452928144
"729","서강껍데기","04035 서울특별시 마포구 월드컵로 36 (서교동)",37.5534897,126.9177304,0.0588830028391951
"730","영덕회식당","04558 서울특별시 중구 창경궁로1길 6 (충무로4가)",37.5629197,126.9979942,0.033233338567758
"731","민들레","06081 서울 강남구 봉은사로105길 28 (민들레)",37.516467,127.061568,0.111919975458932
"732","소문난집추어탕(소문난 해장국)","03140 서울특별시 종로구 수표로 131 (낙원동)",37.5724533,126.9882475,0.0200952899120615
"733","영락골뱅이","04551 서울 중구 수표로 51-1 (저동2가)",37.5652565,126.9899114,0.0252670254877719
"734","송파나루","05612 서울 송파구 송파대로49길 65",37.5057237,127.0976368,0.148099293786297
"735","란주라미엔","04535 서울 중구 소공로 64 (충무로1가, 동남빌딩)",37.5609241,126.9864136,0.0257630243255696
"736","속초생태집","04526 서울특별시 중구 남대문로 25-17 (북창동)",37.5623517,126.9773652,0.0198214081275705
"737","영양센터","04535 서울 중구 명동2길 52 (충무로1가, 대용빌딩)",37.561118,126.98314,0.0236414390663916
"738","카도야","03996 서울 마포구 성미산로2길 18",37.5574094,126.9093962,0.0648742260443245
"739","샤떼뉴","03054 서울 종로구 삼청로5길 19 (팔판동)",37.5826474,126.9806869,0.0109221290277952
"740","송백식당","03173 서울특별시 종로구 새문안로5길 37 (도렴동)",37.5736116,126.9742022,0.00829756482167341
"741","무궁화","04533 서울 중구 을지로 30 (소공동, 롯데호텔)",37.5653,126.980979,0.018973357133884
"742","영춘옥","03139 서울 종로구 돈화문로5가길 13 (돈의동)",37.5713198,126.9915129,0.0235398169495847
"743","커피스미스","06035 서울 강남구 도산대로13길 13",37.5186868,127.0229663,0.0816174813692431
"744","정원순두부","04513 서울특별시 중구 세종대로11길 30 (서소문동)",37.562308,126.974192,0.0189052664601644
"745","명동부대찌개","04534 서울 중구 명동길 25-7 (명동1가)",37.5640905,126.9853859,0.0227053499213229
"746","오수흑두부","03148 서울 종로구 인사동8길 12-2 (관훈동)",37.5738584,126.9860855,0.0175508516311854
"747","소선재","03049 서울특별시 종로구 삼청로 113-1 (삼청동)",37.5854996,126.9817768,0.0127673017356859
"748","조금","03146 서울특별시 종로구 인사동길 62-4 (관훈동)",37.5745833,126.9849832,0.0162544761195152
"749","오장동함흥냉면","04559 서울 중구 마른내로 108 (오장동, 오장동함흥냉면)",37.564234,126.9998714,0.0341795576222087
"750","풀향기손칼국수","07328 서울 영등포구 여의나루로 42 (여의도종합상가)",37.5213559,126.9249795,0.0744714014459853
"751","지리산","03146 서울특별시 종로구 인사동14길 30 (관훈동)",37.5752715,126.9853814,0.0163819281526829
"752","역삼동북어집","06237 서울 강남구 논현로85길 5-14 (역삼동)",37.4985541,127.0367195,0.105890021678388
"753","와플하우스","04313 서울 용산구 청파로45길 37 (청파동2가)",37.5443047,126.9695953,0.0364245822110556
"754","오목집","07997 서울특별시 양천구 목동서로 155 (목동)",37.5293136,126.8751264,0.107851946618364
"755","완차이","03777 서울특별시 서대문구 명물길 50-7 (창천동)",37.5586817,126.939362,0.0376924689538895
"756","진고개","04555 서울특별시 중구 충무로 19-1 (충무로3가)",37.5630521,126.9928083,0.0289071589335474
"757","연타발","06615 서울 서초구 서초대로77길 3 (아라타워)",37.498044,127.0264112,0.100130804464205
"758","진어","03988 서울특별시 마포구 연남로3길 34 (연남동)",37.5607023,126.920729,0.0531246402227889
"759","왕성식당","04529 서울 중구 남대문시장4길 9 (남창동)",37.5596278,126.9776627,0.0224705633756633
"760","진주회관","04513 서울특별시 중구 세종대로11길 26 (서소문동)",37.563754,126.9752101,0.0177745683992533
"761","화천장어","06103 서울 강남구 봉은사로 323",37.5100545,127.0420768,0.100990937030207
"762","질시루","03132 서울특별시 종로구 돈화문로 71 (와룡동)",37.5748578,126.990624,0.0215057834697947
"763","쯔꾸시","04352 서울특별시 용산구 한강대로 262-14 (남영동)",37.5447075,126.972781,0.036132473794077
"764","우리밀국시","02880 서울 성북구 혜화로 84-2 (성북동)",37.5926603,126.9984335,0.0308960004604163
"765","차돌집","04345 서울특별시 용산구 녹사평대로40길 25 (이태원동)",37.5348774,126.9874214,0.0490716943833177
"766","차이야기 대나무쌈밥","03148 서울특별시 종로구 인사동8길 15 (관훈동)",37.5740517,126.9858327,0.0172427434130983
"767","차크라","04419 서울특별시 용산구 독서당로 83 (한남동)",37.5344624,127.0096728,0.0609884138840279
"768","두레","03148 서울 종로구 인사동4길 5-24",37.5733295,126.9866157,0.0182478981817048
"769","우정낙지","03188 서울 종로구 청계천로 17 (서린동)",37.5694905,126.9806743,0.0155438580825326
"770","한강생태","04375 서울특별시 용산구 백범로 400 (한강로1가)",37.5357395,126.9730025,0.0450926703858832
"771","혜화칼국수","03076 서울특별시 종로구 창경궁로35길 13 (혜화동)",37.5872782,127.0020262,0.0327531220528664
"772","우스마니아","04405 서울 용산구 우사단로 34 (이태원동)",37.5331801,126.9956812,0.0540707996863335
"773","세시셀라(도산공원점)","06021 서울 강남구 도산대로45길 10-4 삼경빌딩 1층",37.5231247,127.0361536,0.0877669361573037
"774","썬더버거","서울특별시 용산구 녹사평대로 218 (이태원동)",37.5370925,126.9870429,0.046869155791947
"775","유림면","04515 서울 중구 서소문로 139-1 (서소문동)",37.563007,126.97272,0.0179382425987019
"776","노랑저고리","06616 서울 서초구 서초대로73길 9 (서초동, 타임빌딩)",37.4982696,127.0252148,0.0992734438589144
"777","안동장","04550 서울특별시 중구 을지로 124 (을지로3가)",37.5660744,126.9915677,0.0261285583854139
"778","이문설렁탕","03149 서울 종로구 우정국로 38-13 (견지동)",37.5741799,126.982711,0.0143563564764795
"779","여의도따로국밥","07333 서울 영등포구 여의대방로69길 28 (유성빌딩)",37.5214006,126.9301421,0.071436431655705
"780","홍복","03981 서울 마포구 동교로 274",37.5636715,126.9260978,0.0470382453694958
"781","진미집","04166 서울특별시 마포구 토정로31가길 24 (용강동)",37.5411327,126.9446462,0.0469816699890543
"782","청","04419 서울특별시 용산구 한남대로20길 47-24 (한남동)",37.5353936,127.010044,0.060530393584124
"783","청수정","03054 서울특별시 종로구 삼청로 91 (삼청동)",37.5836042,126.9816079,0.012022292454434
"784","카나디안랍스터","06711 서울특별시 서초구 남부순환로 2385 (서초동)",37.4801513,127.0114472,0.108806670708735
"785","여수한두레","03044 서울특별시 종로구 효자로 5 (통의동)",37.5792817,126.9732674,0.00363278663837249
"786","장호왕곱창","04516 서울 중구 서소문로 83-1 (순화동)",37.565757,126.9689027,0.0150062350008249
"787","와세다야","04425 서울특별시 용산구 이촌로88길 3 (이촌동)",37.5180908,126.9787161,0.0632494464110095
"788","미단","06132 서울 강남구 테헤란로 151 (역삼동, 역삼하이츠빌딩)",37.5009605,127.0360491,0.103604569688452
"789","황우양곱창","06147 서울특별시 강남구 언주로98길 8 (역삼동)",37.4985161,127.030855,0.102323105614513
"790","진주집","03169 서울특별시 종로구 사직로8길 5-5 (필운동)",37.5755306,126.9695264,0.00521312180655345
"791","긴자","06604 서울특별시 서초구 서초중앙로28길 16 (서초동)",37.4968516,127.0148086,0.0951254859522345
"792","고종의아침","06719 서울특별시 서초구 남부순환로 2433-7 (서초동) 서전빌딩 1층",37.4821786,127.0161817,0.108860924442244
"793","꽁시면관","04536 서울특별시 중구 명동2길 45 (충무로1가)",37.5607507,126.9845789,0.0247695416552232
"794","은성집","04352 서울특별시 용산구 한강대로84길 11-16 (남영동)",37.544332,126.9732218,0.0365438277618806
"795","희락","04528 서울특별시 중구 남대문시장길 22-6 (남창동)",37.5598667,126.9770562,0.0220430410551695
"796","뱀부하우스","06136 서울 강남구 언주로107길 33 (역삼동)",37.5070017,127.0366404,0.0994241426785162
"797","은호식당","04528 서울특별시 중구 남대문시장4길 28-4 (남창동)",37.558963,126.9770572,0.0229004530053433
"798","명륜손칼국수","03068 서울특별시 종로구 혜화로 45-5 (명륜1가)",37.5893931,126.9988589,0.0301942497500758
"799","평안도만두집","03173 서울특별시 종로구 새문안로3길 30 (내수동)",37.5726979,126.973265,0.00869298108130271
"800","진주청국장","06734 서울특별시 서초구 남부순환로 2561 (서초동)",37.4843094999999,127.0305636,0.113896095985319
"801","전주중앙회관","04536 서울 중구 명동8나길 19 (충무로1가)",37.5611017,126.9838034,0.0240316029835647
"802","어바웃샤브","03086 서울특별시 종로구 대학로12길 61 (동숭동)",37.5813877,127.0040077,0.034079291577289
"803","서초남순남순대국","06258 서울 강남구 도곡로4길 12 (도곡동, 지엠빌딩)",37.4891429,127.0334412,0.111448815301013
"804","충무로쭈꾸미불고기","04554 서울특별시 중구 퇴계로31길 11 (필동1가)",37.5617223,126.9921889,0.0292651703560702
"805","문타로","04400 서울특별시 용산구 이태원로 230-1 (한남동)",37.5354781,126.9993244,0.0539562312279124
"806","깃대봉냉면","03108 서울특별시 종로구 지봉로12길 3 (숭인동)",37.5771422,127.0157295,0.0459348490619069
"807","루안","06223 서울특별시 강남구 논현로 430 (역삼동)",37.4989629,127.0383428,0.106607396474344
"808","서대문곱창","04556 서울 중구 충무로2길 35 (충무로4가)",37.5623789,126.9951162,0.0311573645772493
"809","타지","04538 서울특별시 중구 명동길 73 (명동1가)",37.563845,126.9827157,0.0211749135558984
"810","티앙팡오후의홍차","03767 서울특별시 서대문구 이화여대2가길 19 (대현동)",37.5582154,126.9460543,0.0328189264227213
"811","파주옥","04555 서울특별시 중구 마른내로2길 23 (초동)",37.5633803,126.9918814,0.0279747303529386
"812","평래옥","04550 서울특별시 중구 마른내로 21-1 (저동2가)",37.5652499,126.9899817,0.0253266755112047
"813","베이징코야","03143 서울특별시 종로구 율곡로2길 29-1 (수송동)",37.5744893,126.9800441,0.0118792079302388
"814","목포집","03150 서울특별시 종로구 삼봉로 81 (수송동)",37.5723555,126.9818018,0.0145230651668244
"815","까델루뽀","03042 서울 종로구 자하문로16길 5-5 (효자동)",37.5817921,126.9714078,0.00181732670700115
"816","N그릴","04340 서울특별시 용산구 남산공원길 126 (용산동2가)",37.5509473,126.9892965,0.0355210874136705
"817","신옛찻집","03145 서울 종로구 인사동길 47-8 (관훈동)",37.5733924,126.9858563,0.0175299968151625
"818","눈나무집","03050 서울특별시 종로구 삼청로 136-1 (삼청동)",37.5874404,126.9818738,0.0136967172085129
"819","라스텔라","04168 서울특별시 마포구 마포대로 58 (도화동)",37.5380658,126.9465824,0.0486350932698833
"820","호수삼계탕","07397 서울특별시 영등포구 도림로 282 (신길동)",37.5030110999999,126.9041293,0.101834344628058
"821","차마시는뜰","03052 서울특별시 종로구 북촌로11나길 26 (삼청동)",37.5821492,126.9822617,0.0124085908087821
"822","이조","03162 서울 종로구 인사동3길 8 (인사동)",37.5719066,126.9862817,0.0185750624445799
"823","참나무숯불에닭이만나는순간(희래)","06786 서울특별시 서초구 동산로6길 37 (양재동)",37.4696208,127.0446392,0.133886110582724
"824","초원죽집","03182 서울특별시 종로구 새문안로5길 13 (당주동)",37.5716242,126.9752811,0.0105573024935302
"825","마포나루","04172 서울특별시 마포구 삼개로 11 (도화동)",37.5393348,126.9477357,0.0469699075070437
"826","막내회센타","07315 서울특별시 영등포구 도신로53길 7 (신길동)",37.5118739,126.9143947,0.0884621302165515
"827","할매낙지","04536 서울 중구 명동8길 35-1",37.5621121,126.9850947,0.0240075640448984
"828","목포홍어집","03133 서울 종로구 돈화문로11다길 18 (돈의동)",37.5731177,126.9907086,0.0221238076840317
"829","충무로돼지갈비","04555 서울특별시 중구 수표로6길 39 (충무로3가)",37.5628152,126.9925976,0.0288870240781121
"830","청송옥","04515 서울 중구 서소문로11길 14 (서소문동)",37.5633962,126.9730257,0.0176049582521472
"831","타셴1812","03086 서울특별시 종로구 대학로12길 38 (동숭동)",37.582443,127.0037038,0.033812536359899
"832","보현재","06139 서울특별시 강남구 언주로93길 20 (역삼동)",37.5035696,127.0402958,0.104422424395378
"833","사직분식","04532 서울 중구 소공로 100",37.5637032,126.9798573,0.0197050655035696
"834","삼호복집","03789 서울특별시 서대문구 연세로5다길 10 (창천동)",37.5564816,126.934986,0.0425357730228406
"835","회현집","04634 서울 중구 퇴계로8길 7 (회현동1가)",37.5588842,126.9800339,0.0240651264916606
"836","타워차이","06294 서울특별시 강남구 언주로30길 26 (도곡동)",37.4899429,127.0486334,0.120147199522079
"837","알바이신","03076 서울 종로구 혜화로 18 (혜화동)",37.5871211,127.0001846,0.0309180523901421
"838","페르시안궁전","03074 서울특별시 종로구 성균관로6길 9 (명륜2가)",37.5848695,126.9975336,0.0279078531721745
"839","페트라","04345 서울 용산구 녹사평대로40길 33 (이태원동)",37.5346319,126.9876838,0.0493948355462337
"840","석산정","04544 서울특별시 중구 을지로 149-5 (산림동)",37.5666316,126.9952029,0.0289340096222324
"841","평양면옥","04615 서울특별시 중구 장충단로 207 (장충동1가)",37.5608027,127.0076024,0.0426128350941254
"842","평양집","04382 서울특별시 용산구 한강대로 186 (한강로1가)",37.5329759,126.9744366,0.0479635341325056
"843","필동면옥","04624 서울특별시 중구 서애로 26 (필동3가)",37.5603604,126.9969996,0.033872264588146
"844","금정","04516 서울 중구 통일로4길 16",37.5642192,126.9689272,0.0165392209614006
"845","하나일식","04427 서울특별시 용산구 이촌로64길 61 (이촌동)",37.5201816999999,126.9676851,0.0605877814918279
"846","악소","04419 서울 용산구 한남대로 60 (한남동, 금호리첸시아)",37.5344837,127.0079953,0.0598924802980266
"847","하카다분코","04068 서울특별시 마포구 독막로19길 43 (상수동)",37.5488106,126.9243295,0.0556645727595219
"848","우면산꽁보리밥집","06716 서울 서초구 반포대로 30 (서초동, 성원빌딩)",37.4831709,127.0122203,0.106326820400542
"849","평안도집","04606 서울특별시 중구 장충단로 174-6 (장충동1가)",37.5633172,127.0063265,0.0403420542255794
"850","선천","03146 서울특별시 종로구 인사동14길 5 (관훈동)",37.5749162,126.9844115,0.0155996274038734
"851","이스탄불","03078 서울 종로구 대학로11길 20 (명륜4가, 우리빌딩)",37.5829707,127.0013282,0.0314734270863523
"852","한우만","06709 서울특별시 서초구 효령로 216 (서초동)",37.4831262,127.0078451,0.104705509159445
"853","바오밥나무","06632 서울특별시 서초구 서초대로60길 25 (서초동)",37.4938922,127.0185658,0.0995257666197549
"854","섭지코지","02837 서울특별시 성북구 성북로 118-5 (성북동)",37.5937952,126.9962656,0.0293950775622376
"855","감싸롱","04047 서울특별시 마포구 독막로3길 6 (합정동)",37.5485861,126.9165932,0.0622768716388421
"856","타지펠리스","04406 서울특별시 용산구 우사단로 39 (이태원동)",37.53366,126.9954315,0.0535298990675257
"857","고암식당","04350 서울특별시 용산구 이태원로27가길 5 (이태원동)",37.5349401,126.9949674,0.0521836696344667
"858","투스카니","04525 서울특별시 중구 소공로 119 (태평로2가)",37.564636,126.978059,0.0180262429399434
"859","빈하롱","02880 서울 성북구 성북로 61-1 (성북동, 제일치과)",37.5927671,127.00158,0.0338580246824905
"860","마포나룻터","04165 서울특별시 마포구 마포대로1길 16 (용강동)",37.5396791999999,126.9431187,0.0490314447214033
"861","패션파이브","04399 서울특별시 용산구 이태원로 272 (한남동)",37.5386728,127.0020528,0.0529167321176348
"862","가회헌","03055 서울특별시 종로구 북촌로5길 14 (재동)",37.5795375999999,126.9836008,0.0137177218957902
"863","씨네드쉐프","06022 서울 강남구 압구정로30길 45 (신사동)",37.5242994,127.0294095,0.0819841020014216
"864","황해집","04352 서울특별시 용산구 한강대로88길 11-5 (남영동)",37.5446564,126.9729232,0.0361948783427943
"865","외고집설렁탕","06205 서울특별시 강남구 선릉로64길 15 (대치동)",37.4980613,127.0534476,0.117507963359076
"866","마산집","04526 서울특별시 중구 세종대로14길 22-5 (북창동)",37.5625135,126.9780512,0.0199407379652736
"867","명동어머니집","04536 서울특별시 중구 명동8길 11-6 (명동2가)",37.5631219,126.9849622,0.0231470720480963
"868","젤렌","04350 서울특별시 용산구 이태원로27가길 52 (이태원동)",37.5350297,126.9923752,0.0509104975045344
"869","오후청","04526 서울특별시 중구 남대문로1길 26-10 (북창동)",37.5620381,126.9779829,0.0203487852652129
"870","죽향","04552 서울특별시 중구 마른내로 14 (저동2가)",37.5646204,126.9893835,0.0252526641164798
"871","틈새라면","04537 서울특별시 중구 명동10길 19-10 (명동2가)",37.5629882,126.9859691,0.0239121023069899
"872","주문진영동골뱅이","04551 서울특별시 중구 수표로 51 (저동2가)",37.5655968,126.9896601,0.0248602412478134
"873","장수원","06558 서울특별시 서초구 방배중앙로 153 (방배동)",37.4928245,126.9863383,0.0894206205664542
"874","안성또순이","03175 서울특별시 종로구 경희궁길 18 (신문로2가)",37.5716205,126.9716406,0.00926557313283448
"875","일상","02837 서울특별시 성북구 성북로 106 (성북동)",37.5930444,126.9971941,0.0299127152792894
"876","영산강","06643 서울특별시 서초구 효령로 307 (서초동)",37.4855658,127.0178255,0.106533123290827
"877","홍연","04533 서울특별시 중구 소공로 106 (소공동)",37.5644064,126.9796971,0.0190180791611467
"878","죽촌","04048 서울특별시 마포구 어울마당로 61 (서교동)",37.5504662,126.9209785,0.0575541283657368
"879","할머니칼국수","03133 서울특별시 종로구 돈화문로11다길 14-2 (돈의동)",37.5728184,126.9907998,0.0223137906123082
"880","스노브","04049 서울특별시 마포구 와우산로 59-1 (상수동)",37.5467325,126.9247532,0.0565424672401246
"881","어반가든","04516 서울특별시 중구 정동길 12-15 (정동)",37.5673854,126.9691349,0.0133662563681814
"882","명동곰돌이","06604 서울특별시 서초구 서초대로55길 11 (서초동)",37.4955965,127.0153589,0.096491813508966
"883","당고집","04073 서울특별시 마포구 어울마당로3길 5 (합정동)",37.5471836,126.9192967,0.0607406273956737
"884","한라의집","03183 서울특별시 종로구 새문안로9길 29-1 (당주동)",37.5712544999999,126.9755799,0.0110276322142035
"885","춘자대구탕","04031 서울특별시 마포구 월드컵북로1길 50 (서교동)",37.5540230999999,126.9188674,0.0576282483156122
"886","주","06561 서울특별시 서초구 동광로19길 16 (방배동)",37.493179,126.9893246,0.0896701690403773
"887","김설문일식","04526 서울특별시 중구 남대문로1길 26-10 (북창동)",37.5620381,126.9779829,0.0203487852652129
"888","까치네","04352 서울특별시 용산구 한강대로84길 11-16 (남영동)",37.544332,126.9732218,0.0365438277618806
"889","이노시시","03981 서울특별시 마포구 성미산로 197 (연남동)",37.5644783,126.9220027,0.0506115521474205
"890","동빙고","04424 서울특별시 용산구 이촌로 319 (이촌동)",37.5186483,126.9823443,0.0633075634865937
"891","해남갈비","04401 서울특별시 용산구 한남대로21길 27 (한남동)",37.5335419,127.0064908,0.0596895372543524
"892","빈스빈스","03049 서울 종로구 삼청로9길 3-1 (삼청동)",37.5862756,126.9813801,0.0127190442447472
"893","서지","04352 서울특별시 용산구 한강대로84길 11-5 (남영동)",37.5438482,126.97313,0.0370176555617693
"894","은주정","04546 서울특별시 중구 창경궁로8길 32 (주교동)",37.5686417,126.9997423,0.0321645527288863
"895","술탄케밥","04406 서울특별시 용산구 보광로 126 (이태원동)",37.5339839,126.9942052,0.052669110060823
"896","지대방","03149 서울특별시 종로구 인사동길 33 (관훈동)",37.5740676,126.9852653,0.0167146989880068
"897","품서울","04328 서울특별시 용산구 두텁바위로60길 49 (후암동)",37.5490343,126.9834104,0.0344392711728843
"898","한강치킨","04423 서울특별시 용산구 이촌로75길 12 (이촌동)",37.5203788,126.9742708,0.0605044678284937
"899","프리모바치오바치","04055 서울특별시 마포구 와우산로23길 44 (서교동)",37.5547481,126.9236715,0.0530587649974121
"900","수불","06580 서울특별시 서초구 서래로 4 (반포동)",37.4969985,126.999676,0.088854476027263
"901","스타쉐프","06296 서울특별시 강남구 논현로38길 38-6 (도곡동)",37.4852001,127.0448717,0.121412772570966
"902","핫토리키친","04343 서울특별시 용산구 회나무로 9 (이태원동)",37.5386726,126.987843,0.0457092448335091
"903","국화","04426 서울특별시 용산구 이촌로 276-1 (이촌동)",37.5185397,126.9773819,0.062632313085258
"904","나고미","04039 서울특별시 마포구 홍익로5안길 48 (서교동)",37.5529397,126.9204109,0.0567872310930086
"905","아그라","04351 서울특별시 용산구 이태원로 153 (이태원동)",37.5368615,126.9911104,0.0487098505212177
"906","덕원꼬리곰탕방치탕","07254 서울특별시 영등포구 버드나루로6길 6 (영등포동2가)",37.51837,126.9157203,0.0826298660263952
"907","미마드레","04345 서울 용산구 녹사평대로 224-1 (이태원동)",37.5377053,126.9869452,0.0462631668816509
"908","피카","06029 서울특별시 강남구 압구정로14길 30 (신사동)",37.5223333,127.0231789,0.0790243009217403
"909","신계치","03776 서울특별시 서대문구 명물길 47 (창천동)",37.5588136,126.9388033,0.038070960994699
"910","스퀘어가든","06575 서울특별시 서초구 서래로5길 26 (반포동)",37.4979339,126.9968456,0.0870574779963179
"911","남산양념차돌전문점","04634 서울특별시 중구 퇴계로10길 22-1 (회현동1가)",37.5584698,126.9806734,0.0247129852986219
"912","벨라프라하","03766 서울특별시 서대문구 이화여대길 77 (대현동)",37.559038,126.9441356,0.033705219280258
"913","장수식당","05566 서울특별시 송파구 삼전로 95 (잠실동)",37.5069289,127.0898316,0.140788868635549
"914","파올로데마리아","04401 서울특별시 용산구 대사관로31길 13, B동 (한남동)",37.5338752,127.005734,0.0589638828172803
"915","아름소","04166 서울특별시 마포구 토정로37길 21-5 (용강동)",37.5412967,126.9448475,0.0467351728603899
"916","담소원","04619 서울특별시 중구 퇴계로50길 32 (묵정동)",37.5622928,126.9998374,0.0351284930614711
"917","두오모북스앤쿡스","03042 서울특별시 종로구 자하문로16길 5 (효자동)",37.5817921,126.9714078,0.00181732670700115
"918","여자만","03146 서울특별시 종로구 인사동14길 13 (관훈동)",37.5749114,126.9848984,0.0160542415158748
"919","브루스리","06746 서울 서초구 양재천로 147-1 (양재동)",37.4797395,127.0428495,0.124559905328035
"920","한신포차","06119 서울특별시 강남구 강남대로118길 11 (논현동)",37.5069599,127.0264178,0.0929086519428618
"921","피아자도르","03184 서울특별시 종로구 새문안로 68 (신문로1가)",37.5700313,126.9723914,0.0109748738726247
"922","로즈베이커리","04348 서울특별시 용산구 이태원로 261 (한남동)",37.5381905,127.0012807,0.0528391789361765
"923","유림낙지","03188 서울특별시 종로구 종로 24-8 (서린동)",37.5694905,126.9806743,0.0155438580825326
"924","부산갈비","04547 서울특별시 중구 마른내로 107-1 (오장동)",37.5646105,126.9998573,0.0339870584500889
"925","MK2","03043 서울특별시 종로구 자하문로10길 17 (창성동)",37.5792204,126.9724117,0.00289948045345267
"926","겐지","04049 서울 마포구 어울마당로 34",37.5481464,126.9204246,0.0592688874008094
"927","팬케이크오리지널스토리","04419 서울특별시 용산구 독서당로 67 (한남동)",37.5338278,127.0081333,0.0604874038313716
"928","신원복집","04038 서울특별시 마포구 홍익로 29 (서교동)",37.5545727,126.921724,0.0548485666325058
"929","르쁘띠푸","04067 서울특별시 마포구 와우산로 62 (상수동)",37.545382,126.9273482,0.0553438073143748
"930","만족오향족발","04514 서울특별시 중구 서소문로 134-7 (서소문동)",37.56438,126.9761252,0.0174805133634523
"931","삼각정","04376 서울 용산구 한강대로 153-1 (한강로2가)",37.5297045,126.9700237,0.0510232774471572
"932","댕구우동","03993 서울특별시 마포구 월드컵북로6길 46 (동교동)",37.5588514,126.920998,0.0536039447795634
"933","잼배옥","04513 서울특별시 중구 세종대로9길 68-9 (서소문동)",37.5624579,126.9737145,0.0186566804156024
"934","레오니다스초콜릿카페","04537 서울특별시 중구 명동길 62 (명동1가)",37.5642078,126.984637,0.0221147412566826
"935","르브런쉭","06028 서울 강남구 강남대로162길 41-22 (신사동)",37.5220364,127.0210537,0.0778319383858522
"936","골동면","03086 서울특별시 종로구 대학로12길 31 (동숭동)",37.5795968,127.002442,0.0325268656136716
"937","통술집","03738 서울특별시 서대문구 통일로 107-4 (미근동)",37.5624393,126.966516,0.0186052080880566
"938","뺑드빱파","06030 서울 강남구 압구정로20길 15 (신사동)",37.5248302,127.0253728,0.0787267575240433
"939","소공죽집","04515 서울 중구 서소문로 139",37.5641031,126.9761957,0.0177644643592205
"940","몽중헌","06010 서울특별시 강남구 도산대로81길 49 (청담동)",37.5269907,127.0459841,0.0931190700097938
"941","남산설렁탕","04630 서울특별시 중구 소파로 91 (예장동)",37.5566997,126.9849067,0.0283108207865734
"942","에그앤드스푼레이스","03767 서울특별시 서대문구 이화여대길 26 (대현동)",37.5579609,126.9460081,0.033027475760799
"943","구우소","03993 서울특별시 마포구 동교로 199-1 (동교동)",37.558566,126.9231933,0.0517291868207965
"944","남산참숯불갈비","04630 서울특별시 중구 소파로 83 (회현동1가)",37.5565908,126.9839744,0.0279231142562835
"945","상파울루","03078 서울특별시 종로구 대학로 133-4 (명륜4가)",37.581624,127.0002977,0.0303761263182126
"946","정동국시","04518 서울특별시 중구 정동길 5 (정동)",37.5678228,126.9698986,0.0129049507728576
"947","루이쌍끄","06018 서울특별시 강남구 선릉로157길 33 (신사동)",37.5262559,127.0370388,0.0864298780008365
"948","나무사이로","03169 서울특별시 종로구 사직로8길 21",37.5745951,126.9709533,0.00621660076005564
"949","남산누나네","04344 서울 용산구 회나무로41길 43 (이태원동)",37.5420111,126.9941834,0.0456833636843782
"950","그라노더그릴","06020 서울특별시 강남구 언주로168길 16 (신사동)",37.5261187,127.0349193,0.0848830261079868
"951","반짝반짝빛나는","03148 서울특별시 종로구 인사동길 28-1 (관훈동)",37.5737755,126.9855613,0.0171032332349703
"952","무라사키","04525 서울특별시 중구 소공로 119 (태평로2가) 더 플라자 3층",37.564636,126.978059,0.0180262429399434
"953","에밀스","03022 서울 종로구 창의문로 143-3 (부암동)",37.592527,126.9646087,0.0129456873784303
"954","옴","03049 서울 종로구 삼청로 129 (삼청동)",37.5868955,126.9814815,0.0130907615412521
"955","에코밥상","03044 서울 종로구 사직로 127-14 (적선동)",37.5761203,126.9736165,0.00589771562980005
"956","영동족발","06738 서울특별시 서초구 남부순환로 2628-18 (양재동)",37.4841799999999,127.0383095,0.118307049559176
"957","초마","04067 서울특별시 마포구 와우산로 72 (서교동)",37.5508352,126.9234064,0.0553032870886505
"958","시부야","100-810 서울특별시 중구 명동8길 8-13, 2층 (명동2가)",37.5631278,126.9838709,0.0224493065197988
"959","더킹스","04618 서울 중구 동호로 287 (장충동2가, 그랜드앰배서더서울)",37.5602645,127.0023817,0.0383607074211302
"960","아야진생태찌개","06165 서울특별시 강남구 삼성로108길 8 (삼성동)",37.5120238,127.0551549,0.109465480034664
"961","지유명차","03132 서울특별시 종로구 돈화문로 79 (와룡동)",37.5755259,126.9904701,0.0211838917418307
"962","하나","03787 서울특별시 서대문구 연세로7안길 46 (창천동)",37.5583953999999,126.9343872,0.0419805132061805
"963","오가와","03173 서울특별시 종로구 새문안로5길 19 (당주동)",37.5720063,126.9742753,0.00974180466905192
"964","흥진옥","03156 서울특별시 종로구 종로5길 19-12 (청진동)",37.5713592,126.98026,0.013941970710406
"965","춘천손칼국수","04550 서울특별시 중구 마른내로 23 (저동2가)",37.5646153,126.9901521,0.0258524399825212
"966","범스","135-954 서울특별시 강남구 도산대로55길 16 (청담동)",37.5244226,127.040514,0.0902866975730598
"967","디디스고프레","04382 서울특별시 용산구 한강대로44길 17-3 (한강로2가)",37.5320042,126.9654098,0.0489331694993226
"968","논현포차골목","서울특별시 강남구 논현동 영동시장 뒷길 일대",37.51127,127.022441,0.0870705066467903
"969","스시사찌","04401 서울 용산구 한남대로21길 20 (한남동)",37.5338912,127.0061366,0.059196520636688
"970","삼학도","06643 서울특별시 서초구 효령로 303 (서초동)",37.4854454,127.017325,0.106416858388736
"971","슈치쿠","07345 서울 영등포구 63로 50 (여의도동, 63한화생명빌딩)",37.5193776,126.9402103,0.0681716999220339
"972","화로백서","04557 서울특별시 중구 퇴계로 211-3 (충무로4가)",37.5625926,126.9934449,0.0296918617472805
"973","옛맛서울불고기","04065 서울 마포구 서강로 71 (창전동)",37.5495622,126.9317539,0.0492855913534579
"974","이사벨더부처","06021 서울특별시 강남구 언주로152길 14 (신사동)",37.5225877,127.0348369,0.0871351948664204
"975","패티앤베지스","06049 서울특별시 강남구 도산대로30길 27 (논현동)",37.5181386,127.0302393,0.0869139123446856
"976","동경전통육개장","06133 서울 강남구 테헤란로13길 8-3",37.500418,127.0326953,0.101924129990589
"977","누룩플러스","04534 서울특별시 중구 명동9길 21 (명동1가)",37.5647202,126.984525,0.0216590395052514
"978","포항식당","03139 서울 종로구 돈화문로11길 21 (돈의동)",37.5730798,126.9904963,0.0219377678139755
"979","미로식당","04059 서울특별시 마포구 와우산로30길 80 (서교동)",37.5520138,126.9278609,0.0509382087869257
"980","나인스게이트그릴","04533 서울특별시 중구 소공로 106 (소공동)",37.5644064,126.9796971,0.0190180791611467
"981","동경식당","07320 서울특별시 영등포구 여의대로 8 (여의도동)",37.5211949,126.9185924,0.0786142246263421
"982","랩트웬티포","06016 서울특별시 강남구 도산대로57길 18 (청담동)",37.5246862,127.0415786,0.0909586928264057
"983","고상","04539 서울 중구 을지로5길 26 (수하동, 미래에셋 CENTER 1)",37.5673583,126.9851356,0.020243645348601
"984","안동뭉티기와 투뿔구이","06114 서울특별시 강남구 학동로2길 35 (논현동)",37.509133,127.0232944,0.0892919256162004
"985","붓처스컷","04400 서울 용산구 이태원로 238",37.5359248,126.999943,0.0539239456609946
"986","청미래","05600 서울 송파구 석촌호수로 140 (삼전동, 잠실레이크타워)",37.5070374,127.0924588,0.142976889356598
"987","리치몬드제과점","03978 서울 마포구 월드컵북로 86 (성산동, 리치몬드빌딩)",37.5614066,126.9155757,0.0576906981932086
"988","한양생태찌개","07328 서울 영등포구 여의나루로 42 (여의도동, 여의도종합상가)",37.5213559,126.9249795,0.0744714014459853
"989","오월의종","04349 서울특별시 용산구 이태원로 229 (한남동)",37.5357859,126.9990713,0.0535602559692285
"990","스시타츠","06040 서울특별시 강남구 도산대로28길 18 (논현동)",37.5180272,127.0281988,0.0855923267369751
"991","닭진미","04528 서울 중구 남대문시장길 22-20 (남창동)",37.5595558,126.9770503,0.0223356148305775
"992","부원집","04529 서울 중구 남대문시장4길 41-6 (남창동)",37.558399,126.9775935,0.0236056461334932
"993","양촌리","06296 서울 강남구 남부순환로 2720",37.4854662,127.0435747,0.120405931142358
"994","커피투어","03175 서울특별시 종로구 경희궁2길 12 (내수동)",37.572816,126.9714079,0.00804767174404496
"995","따뚱","06524 서울특별시 서초구 강남대로107길 6 (잠원동)",37.5185318,127.0180723,0.078648260521511
"996","중국","03031 서울특별시 종로구 자하문로33길 2 (청운동)",37.5860584,126.967439,0.0058860326307324
"997","천하","04067 서울특별시 마포구 와우산로14길 4 (상수동)",37.5472733,126.9273505,0.0541536654885881
"998","산촌","03148 서울특별시 종로구 인사동길 30-13 (관훈동)",37.5741188,126.9857718,0.0171606564038108
"999","부흥동태","07331 서울특별시 영등포구 국제금융로8길 34 (여의도동)",37.520196,126.9272258,0.074082017965833
"1000","라틀리에모니크","05616 서울특별시 송파구 백제고분로39길 6-13 (석촌동)",37.5053577,127.1057493,0.155326157842936
"1001","가스트로통","03044 서울특별시 종로구 자하문로6길 11-36 (통의동)",37.5786172,126.9725961,0.00339657591406421
"1002","김영모과자점","06295 서울특별시 강남구 언주로30길 10 (도곡동)",37.4873002,127.051556,0.124059332763358
